{
    "input": [
        "Undetermined_S0_L001_R1_001.fastq.gz",
        "Undetermined_S0_L001_R2_001.fastq.gz",
        "Undetermined_S0_L001_I1_001.fastq.gz",
        "Undetermined_S0_L001_I2_001.fastq.gz"
    ],
    "transform": { "token": [ "0::", "1::" ] },
    "multiplex": {
        "transform": { "token": [ "2::8", "3::8" ] },
        "codec": {
            "NEG.PCR.PL1A1": { "barcode": [ "AGAGACAC" , "TTCGATGG" ], "output": [ "NEG.PCR.PL1A1.R1.fastq.gz" , "NEG.PCR.PL1A1.R2.fastq.gz" ] },
            "G9.T2.R3.TP2": { "barcode": [ "AGCAAGGT" , "TTCGATGG" ], "output": [ "G9.T2.R3.TP2.R1.fastq.gz" , "G9.T2.R3.TP2.R2.fastq.gz" ] },
            "G12.T1.R4.TP1": { "barcode": [ "CTTGCTTG" , "TTCGATGG" ], "output": [ "G12.T1.R4.TP1.R1.fastq.gz" , "G12.T1.R4.TP1.R2.fastq.gz" ] },
            "G9.T1.R3.TP2": { "barcode": [ "GGTAGCAA" , "TTCGATGG" ], "output": [ "G9.T1.R3.TP2.R1.fastq.gz" , "G9.T1.R3.TP2.R2.fastq.gz" ] },
            "G3.T4.R4.TP2": { "barcode": [ "AGAGACAC" , "AGTCCACA" ], "output": [ "G3.T4.R4.TP2.R1.fastq.gz" , "G3.T4.R4.TP2.R2.fastq.gz" ] },
            "G3.T5.R5.TP1": { "barcode": [ "AGCAAGGT" , "AGTCCACA" ], "output": [ "G3.T5.R5.TP1.R1.fastq.gz" , "G3.T5.R5.TP1.R2.fastq.gz" ] },
            "G10.T2.R4.TP1": { "barcode": [ "CTTGCTTG" , "AGTCCACA" ], "output": [ "G10.T2.R4.TP1.R1.fastq.gz" , "G10.T2.R4.TP1.R2.fastq.gz" ] },
            "NEG.EXT.PL1H1": { "barcode": [ "GGTAGCAA" , "AGTCCACA" ], "output": [ "NEG.EXT.PL1H1.R1.fastq.gz" , "NEG.EXT.PL1H1.R2.fastq.gz" ] },
            "G6.T6.R2.TP2": { "barcode": [ "TCTCTCTC" , "TTCGATGG" ], "output": [ "G6.T6.R2.TP2.R1.fastq.gz" , "G6.T6.R2.TP2.R2.fastq.gz" ] },
            "G4.T6.R5.TP2": { "barcode": [ "CGAACGAA" , "TTCGATGG" ], "output": [ "G4.T6.R5.TP2.R1.fastq.gz" , "G4.T6.R5.TP2.R2.fastq.gz" ] },
            "G8.T5.R2.TP2": { "barcode": [ "CACAGTCA" , "TTCGATGG" ], "output": [ "G8.T5.R2.TP2.R1.fastq.gz" , "G8.T5.R2.TP2.R2.fastq.gz" ] },
            "G8.T4.R3.TP2": { "barcode": [ "AGGTCTAC" , "TTCGATGG" ], "output": [ "G8.T4.R3.TP2.R1.fastq.gz" , "G8.T4.R3.TP2.R2.fastq.gz" ] },
            "G8.T1.R2.TP2": { "barcode": [ "TCTCTCTC" , "AGTCCACA" ], "output": [ "G8.T1.R2.TP2.R1.fastq.gz" , "G8.T1.R2.TP2.R2.fastq.gz" ] },
            "G4.T1.R4.TP1": { "barcode": [ "CGAACGAA" , "AGTCCACA" ], "output": [ "G4.T1.R4.TP1.R1.fastq.gz" , "G4.T1.R4.TP1.R2.fastq.gz" ] },
            "G5.T1.R2.TP2": { "barcode": [ "CACAGTCA" , "AGTCCACA" ], "output": [ "G5.T1.R2.TP2.R1.fastq.gz" , "G5.T1.R2.TP2.R2.fastq.gz" ] },
            "G10.T4.R3.TP2": { "barcode": [ "AGGTCTAC" , "AGTCCACA" ], "output": [ "G10.T4.R3.TP2.R1.fastq.gz" , "G10.T4.R3.TP2.R2.fastq.gz" ] },
            "G11.T3.R4.TP1": { "barcode": [ "GTACTGGT" , "TTCGATGG" ], "output": [ "G11.T3.R4.TP1.R1.fastq.gz" , "G11.T3.R4.TP1.R2.fastq.gz" ] },
            "G8.T4.R2.TP2": { "barcode": [ "TGTCGACA" , "TTCGATGG" ], "output": [ "G8.T4.R2.TP2.R1.fastq.gz" , "G8.T4.R2.TP2.R2.fastq.gz" ] },
            "G2.T2.R4.TP1": { "barcode": [ "CAGTGAGA" , "TTCGATGG" ], "output": [ "G2.T2.R4.TP1.R1.fastq.gz" , "G2.T2.R4.TP1.R2.fastq.gz" ] },
            "G1.T5.R2.TP1": { "barcode": [ "GCATGGAA" , "TTCGATGG" ], "output": [ "G1.T5.R2.TP1.R1.fastq.gz" , "G1.T5.R2.TP1.R2.fastq.gz" ] },
            "G6.T1.R4.TP2": { "barcode": [ "GTACTGGT" , "AGTCCACA" ], "output": [ "G6.T1.R4.TP2.R1.fastq.gz" , "G6.T1.R4.TP2.R2.fastq.gz" ] },
            "G2.T1.R4.TP1": { "barcode": [ "TGTCGACA" , "AGTCCACA" ], "output": [ "G2.T1.R4.TP1.R1.fastq.gz" , "G2.T1.R4.TP1.R2.fastq.gz" ] },
            "G6.T6.R4.TP1": { "barcode": [ "CAGTGAGA" , "AGTCCACA" ], "output": [ "G6.T6.R4.TP1.R1.fastq.gz" , "G6.T6.R4.TP1.R2.fastq.gz" ] },
            "G4.T5.R1.TP1": { "barcode": [ "GCATGGAA" , "AGTCCACA" ], "output": [ "G4.T5.R1.TP1.R1.fastq.gz" , "G4.T5.R1.TP1.R2.fastq.gz" ] },
            "G3.T5.R3.TP1": { "barcode": [ "GCAACGTT" , "TTCGATGG" ], "output": [ "G3.T5.R3.TP1.R1.fastq.gz" , "G3.T5.R3.TP1.R2.fastq.gz" ] },
            "G5.T6.R1.TP1": { "barcode": [ "GACAGAGT" , "TTCGATGG" ], "output": [ "G5.T6.R1.TP1.R1.fastq.gz" , "G5.T6.R1.TP1.R2.fastq.gz" ] },
            "G10.T3.R2.TP2": { "barcode": [ "CTCTCACA" , "TTCGATGG" ], "output": [ "G10.T3.R2.TP2.R1.fastq.gz" , "G10.T3.R2.TP2.R2.fastq.gz" ] },
            "G12.T1.R2.TP1": { "barcode": [ "GTTGGTAC" , "TTCGATGG" ], "output": [ "G12.T1.R2.TP1.R1.fastq.gz" , "G12.T1.R2.TP1.R2.fastq.gz" ] },
            "G6.T4.R5.TP1": { "barcode": [ "GCAACGTT" , "AGTCCACA" ], "output": [ "G6.T4.R5.TP1.R1.fastq.gz" , "G6.T4.R5.TP1.R2.fastq.gz" ] },
            "G6.T6.R4.TP2": { "barcode": [ "GACAGAGT" , "AGTCCACA" ], "output": [ "G6.T6.R4.TP2.R1.fastq.gz" , "G6.T6.R4.TP2.R2.fastq.gz" ] },
            "G11.T4.R4.TP2": { "barcode": [ "CTCTCACA" , "AGTCCACA" ], "output": [ "G11.T4.R4.TP2.R1.fastq.gz" , "G11.T4.R4.TP2.R2.fastq.gz" ] },
            "G10.T4.R2.TP2": { "barcode": [ "GTTGGTAC" , "AGTCCACA" ], "output": [ "G10.T4.R2.TP2.R1.fastq.gz" , "G10.T4.R2.TP2.R2.fastq.gz" ] },
            "G1.T4.R4.TP1": { "barcode": [ "ATAAGCGG" , "TTCGATGG" ], "output": [ "G1.T4.R4.TP1.R1.fastq.gz" , "G1.T4.R4.TP1.R2.fastq.gz" ] },
            "G8.T1.R3.TP1": { "barcode": [ "GTGTCTCT" , "TTCGATGG" ], "output": [ "G8.T1.R3.TP1.R1.fastq.gz" , "G8.T1.R3.TP1.R2.fastq.gz" ] },
            "G4.T1.R3.TP2": { "barcode": [ "CTGTACTC" , "TTCGATGG" ], "output": [ "G4.T1.R3.TP2.R1.fastq.gz" , "G4.T1.R3.TP2.R2.fastq.gz" ] },
            "G4.T6.R1.TP1": { "barcode": [ "TGCACATG" , "TTCGATGG" ], "output": [ "G4.T6.R1.TP1.R1.fastq.gz" , "G4.T6.R1.TP1.R2.fastq.gz" ] },
            "G7.T2.R4.TP1": { "barcode": [ "ATAAGCGG" , "AGTCCACA" ], "output": [ "G7.T2.R4.TP1.R1.fastq.gz" , "G7.T2.R4.TP1.R2.fastq.gz" ] },
            "G6.T5.R3.TP2": { "barcode": [ "GTGTCTCT" , "AGTCCACA" ], "output": [ "G6.T5.R3.TP2.R1.fastq.gz" , "G6.T5.R3.TP2.R2.fastq.gz" ] },
            "G7.T4.R4.TP2": { "barcode": [ "CTGTACTC" , "AGTCCACA" ], "output": [ "G7.T4.R4.TP2.R1.fastq.gz" , "G7.T4.R4.TP2.R2.fastq.gz" ] },
            "G6.T6.R5.TP2": { "barcode": [ "TGCACATG" , "AGTCCACA" ], "output": [ "G6.T6.R5.TP2.R1.fastq.gz" , "G6.T6.R5.TP2.R2.fastq.gz" ] },
            "G3.T6.R2.TP1": { "barcode": [ "TAGGAACG" , "TTCGATGG" ], "output": [ "G3.T6.R2.TP1.R1.fastq.gz" , "G3.T6.R2.TP1.R2.fastq.gz" ] },
            "G3.T5.R2.TP1": { "barcode": [ "TGGTTCCT" , "TTCGATGG" ], "output": [ "G3.T5.R2.TP1.R1.fastq.gz" , "G3.T5.R2.TP1.R2.fastq.gz" ] },
            "G1.T4.R2.TP2": { "barcode": [ "ATCCTAGG" , "TTCGATGG" ], "output": [ "G1.T4.R2.TP2.R1.fastq.gz" , "G1.T4.R2.TP2.R2.fastq.gz" ] },
            "G9.T6.R2.TP1": { "barcode": [ "CGTTCGTT" , "TTCGATGG" ], "output": [ "G9.T6.R2.TP1.R1.fastq.gz" , "G9.T6.R2.TP1.R2.fastq.gz" ] },
            "G6.T1.R3.TP2": { "barcode": [ "TAGGAACG" , "AGTCCACA" ], "output": [ "G6.T1.R3.TP2.R1.fastq.gz" , "G6.T1.R3.TP2.R2.fastq.gz" ] },
            "G7.T6.R2.TP1": { "barcode": [ "TGGTTCCT" , "AGTCCACA" ], "output": [ "G7.T6.R2.TP1.R1.fastq.gz" , "G7.T6.R2.TP1.R2.fastq.gz" ] },
            "G10.T1.R4.TP2": { "barcode": [ "ATCCTAGG" , "AGTCCACA" ], "output": [ "G10.T1.R4.TP2.R1.fastq.gz" , "G10.T1.R4.TP2.R2.fastq.gz" ] },
            "G10.T6.R2.TP1": { "barcode": [ "CGTTCGTT" , "AGTCCACA" ], "output": [ "G10.T6.R2.TP1.R1.fastq.gz" , "G10.T6.R2.TP1.R2.fastq.gz" ] },
            "G8.T5.R4.TP2": { "barcode": [ "AGAGACAC" , "GCATCGAT" ], "output": [ "G8.T5.R4.TP2.R1.fastq.gz" , "G8.T5.R4.TP2.R2.fastq.gz" ] },
            "G6.T5.R2.TP2": { "barcode": [ "AGCAAGGT" , "GCATCGAT" ], "output": [ "G6.T5.R2.TP2.R1.fastq.gz" , "G6.T5.R2.TP2.R2.fastq.gz" ] },
            "G3.T4.R1.TP1": { "barcode": [ "CTTGCTTG" , "GCATCGAT" ], "output": [ "G3.T4.R1.TP1.R1.fastq.gz" , "G3.T4.R1.TP1.R2.fastq.gz" ] },
            "G9.T1.R4.TP1": { "barcode": [ "GGTAGCAA" , "GCATCGAT" ], "output": [ "G9.T1.R4.TP1.R1.fastq.gz" , "G9.T1.R4.TP1.R2.fastq.gz" ] },
            "G11.T3.R2.TP1": { "barcode": [ "AGAGACAC" , "CTGATCTC" ], "output": [ "G11.T3.R2.TP1.R1.fastq.gz" , "G11.T3.R2.TP1.R2.fastq.gz" ] },
            "G3.T2.R4.TP1": { "barcode": [ "AGCAAGGT" , "CTGATCTC" ], "output": [ "G3.T2.R4.TP1.R1.fastq.gz" , "G3.T2.R4.TP1.R2.fastq.gz" ] },
            "G3.T4.R2.TP2": { "barcode": [ "CTTGCTTG" , "CTGATCTC" ], "output": [ "G3.T4.R2.TP2.R1.fastq.gz" , "G3.T4.R2.TP2.R2.fastq.gz" ] },
            "G1.T5.R1.TP1": { "barcode": [ "GGTAGCAA" , "CTGATCTC" ], "output": [ "G1.T5.R1.TP1.R1.fastq.gz" , "G1.T5.R1.TP1.R2.fastq.gz" ] },
            "G5.T2.R4.TP1": { "barcode": [ "TCTCTCTC" , "GCATCGAT" ], "output": [ "G5.T2.R4.TP1.R1.fastq.gz" , "G5.T2.R4.TP1.R2.fastq.gz" ] },
            "G1.T2.R4.TP1": { "barcode": [ "CGAACGAA" , "GCATCGAT" ], "output": [ "G1.T2.R4.TP1.R1.fastq.gz" , "G1.T2.R4.TP1.R2.fastq.gz" ] },
            "G3.T3.R4.TP2": { "barcode": [ "CACAGTCA" , "GCATCGAT" ], "output": [ "G3.T3.R4.TP2.R1.fastq.gz" , "G3.T3.R4.TP2.R2.fastq.gz" ] },
            "G10.T6.R4.TP2": { "barcode": [ "AGGTCTAC" , "GCATCGAT" ], "output": [ "G10.T6.R4.TP2.R1.fastq.gz" , "G10.T6.R4.TP2.R2.fastq.gz" ] },
            "G6.T1.R4.TP1": { "barcode": [ "TCTCTCTC" , "CTGATCTC" ], "output": [ "G6.T1.R4.TP1.R1.fastq.gz" , "G6.T1.R4.TP1.R2.fastq.gz" ] },
            "G12.T1.R2.TP2": { "barcode": [ "CGAACGAA" , "CTGATCTC" ], "output": [ "G12.T1.R2.TP2.R1.fastq.gz" , "G12.T1.R2.TP2.R2.fastq.gz" ] },
            "G5.T2.R4.TP2": { "barcode": [ "CACAGTCA" , "CTGATCTC" ], "output": [ "G5.T2.R4.TP2.R1.fastq.gz" , "G5.T2.R4.TP2.R2.fastq.gz" ] },
            "G5.T2.R3.TP2": { "barcode": [ "AGGTCTAC" , "CTGATCTC" ], "output": [ "G5.T2.R3.TP2.R1.fastq.gz" , "G5.T2.R3.TP2.R2.fastq.gz" ] },
            "G8.T5.R1.TP1": { "barcode": [ "GTACTGGT" , "GCATCGAT" ], "output": [ "G8.T5.R1.TP1.R1.fastq.gz" , "G8.T5.R1.TP1.R2.fastq.gz" ] },
            "G7.T1.R4.TP2": { "barcode": [ "TGTCGACA" , "GCATCGAT" ], "output": [ "G7.T1.R4.TP2.R1.fastq.gz" , "G7.T1.R4.TP2.R2.fastq.gz" ] },
            "G6.T1.R2.TP2": { "barcode": [ "CAGTGAGA" , "GCATCGAT" ], "output": [ "G6.T1.R2.TP2.R1.fastq.gz" , "G6.T1.R2.TP2.R2.fastq.gz" ] },
            "G9.T3.R3.TP1": { "barcode": [ "GCATGGAA" , "GCATCGAT" ], "output": [ "G9.T3.R3.TP1.R1.fastq.gz" , "G9.T3.R3.TP1.R2.fastq.gz" ] },
            "G5.T4.R4.TP2": { "barcode": [ "GTACTGGT" , "CTGATCTC" ], "output": [ "G5.T4.R4.TP2.R1.fastq.gz" , "G5.T4.R4.TP2.R2.fastq.gz" ] },
            "G4.T5.R2.TP2": { "barcode": [ "TGTCGACA" , "CTGATCTC" ], "output": [ "G4.T5.R2.TP2.R1.fastq.gz" , "G4.T5.R2.TP2.R2.fastq.gz" ] },
            "G6.T6.R3.TP1": { "barcode": [ "CAGTGAGA" , "CTGATCTC" ], "output": [ "G6.T6.R3.TP1.R1.fastq.gz" , "G6.T6.R3.TP1.R2.fastq.gz" ] },
            "G3.T6.R4.TP1": { "barcode": [ "GCATGGAA" , "CTGATCTC" ], "output": [ "G3.T6.R4.TP1.R1.fastq.gz" , "G3.T6.R4.TP1.R2.fastq.gz" ] },
            "G8.T4.R3.TP1": { "barcode": [ "GACAGAGT" , "GCATCGAT" ], "output": [ "G8.T4.R3.TP1.R1.fastq.gz" , "G8.T4.R3.TP1.R2.fastq.gz" ] },
            "G8.T2.R4.TP1": { "barcode": [ "CTCTCACA" , "GCATCGAT" ], "output": [ "G8.T2.R4.TP1.R1.fastq.gz" , "G8.T2.R4.TP1.R2.fastq.gz" ] },
            "G6.T4.R3.TP1": { "barcode": [ "GTTGGTAC" , "GCATCGAT" ], "output": [ "G6.T4.R3.TP1.R1.fastq.gz" , "G6.T4.R3.TP1.R2.fastq.gz" ] },
            "G12.T4.R2.TP1": { "barcode": [ "GCAACGTT" , "CTGATCTC" ], "output": [ "G12.T4.R2.TP1.R1.fastq.gz" , "G12.T4.R2.TP1.R2.fastq.gz" ] },
            "G11.T2.R4.TP1": { "barcode": [ "GACAGAGT" , "CTGATCTC" ], "output": [ "G11.T2.R4.TP1.R1.fastq.gz" , "G11.T2.R4.TP1.R2.fastq.gz" ] },
            "G3.T1.R3.TP1": { "barcode": [ "CTCTCACA" , "CTGATCTC" ], "output": [ "G3.T1.R3.TP1.R1.fastq.gz" , "G3.T1.R3.TP1.R2.fastq.gz" ] },
            "G7.T3.R2.TP1": { "barcode": [ "GTTGGTAC" , "CTGATCTC" ], "output": [ "G7.T3.R2.TP1.R1.fastq.gz" , "G7.T3.R2.TP1.R2.fastq.gz" ] },
            "G6.T1.R5.TP1": { "barcode": [ "ATAAGCGG" , "GCATCGAT" ], "output": [ "G6.T1.R5.TP1.R1.fastq.gz" , "G6.T1.R5.TP1.R2.fastq.gz" ] },
            "G3.T6.R3.TP1": { "barcode": [ "GTGTCTCT" , "GCATCGAT" ], "output": [ "G3.T6.R3.TP1.R1.fastq.gz" , "G3.T6.R3.TP1.R2.fastq.gz" ] },
            "G4.T4.R2.TP1": { "barcode": [ "CTGTACTC" , "GCATCGAT" ], "output": [ "G4.T4.R2.TP1.R1.fastq.gz" , "G4.T4.R2.TP1.R2.fastq.gz" ] },
            "G9.T1.R1.TP1": { "barcode": [ "TGCACATG" , "GCATCGAT" ], "output": [ "G9.T1.R1.TP1.R1.fastq.gz" , "G9.T1.R1.TP1.R2.fastq.gz" ] },
            "G10.T6.R4.TP1": { "barcode": [ "ATAAGCGG" , "CTGATCTC" ], "output": [ "G10.T6.R4.TP1.R1.fastq.gz" , "G10.T6.R4.TP1.R2.fastq.gz" ] },
            "G11.T5.R2.TP1": { "barcode": [ "GTGTCTCT" , "CTGATCTC" ], "output": [ "G11.T5.R2.TP1.R1.fastq.gz" , "G11.T5.R2.TP1.R2.fastq.gz" ] },
            "G1.T2.R5.TP1": { "barcode": [ "CTGTACTC" , "CTGATCTC" ], "output": [ "G1.T2.R5.TP1.R1.fastq.gz" , "G1.T2.R5.TP1.R2.fastq.gz" ] },
            "G11.T1.R4.TP1": { "barcode": [ "TGCACATG" , "CTGATCTC" ], "output": [ "G11.T1.R4.TP1.R1.fastq.gz" , "G11.T1.R4.TP1.R2.fastq.gz" ] },
            "NEG.EXT.PL1A12": { "barcode": [ "TAGGAACG" , "GCATCGAT" ], "output": [ "NEG.EXT.PL1A12.R1.fastq.gz" , "NEG.EXT.PL1A12.R2.fastq.gz" ] },
            "G5.T1.R3.TP1": { "barcode": [ "TGGTTCCT" , "GCATCGAT" ], "output": [ "G5.T1.R3.TP1.R1.fastq.gz" , "G5.T1.R3.TP1.R2.fastq.gz" ] },
            "G5.T5.R3.TP1": { "barcode": [ "ATCCTAGG" , "GCATCGAT" ], "output": [ "G5.T5.R3.TP1.R1.fastq.gz" , "G5.T5.R3.TP1.R2.fastq.gz" ] },
            "G6.T5.R2.TP1": { "barcode": [ "CGTTCGTT" , "GCATCGAT" ], "output": [ "G6.T5.R2.TP1.R1.fastq.gz" , "G6.T5.R2.TP1.R2.fastq.gz" ] },
            "G4.T4.R1.TP1": { "barcode": [ "TAGGAACG" , "CTGATCTC" ], "output": [ "G4.T4.R1.TP1.R1.fastq.gz" , "G4.T4.R1.TP1.R2.fastq.gz" ] },
            "G2.T5.R2.TP1": { "barcode": [ "TGGTTCCT" , "CTGATCTC" ], "output": [ "G2.T5.R2.TP1.R1.fastq.gz" , "G2.T5.R2.TP1.R2.fastq.gz" ] },
            "G6.T3.R4.TP1": { "barcode": [ "ATCCTAGG" , "CTGATCTC" ], "output": [ "G6.T3.R4.TP1.R1.fastq.gz" , "G6.T3.R4.TP1.R2.fastq.gz" ] },
            "NEG.PCR.PL1H12": { "barcode": [ "CGTTCGTT" , "CTGATCTC" ], "output": [ "NEG.PCR.PL1H12.R1.fastq.gz" , "NEG.PCR.PL1H12.R2.fastq.gz" ] },
            "NEG.PCR.PL2A1": { "barcode": [ "AGAGACAC" , "AACCGGTT" ], "output": [ "NEG.PCR.PL2A1.R1.fastq.gz" , "NEG.PCR.PL2A1.R2.fastq.gz" ] },
            "G2.T5.R4.TP2": { "barcode": [ "AGCAAGGT" , "AACCGGTT" ], "output": [ "G2.T5.R4.TP2.R1.fastq.gz" , "G2.T5.R4.TP2.R2.fastq.gz" ] },
            "G4.T4.R5.TP1": { "barcode": [ "CTTGCTTG" , "AACCGGTT" ], "output": [ "G4.T4.R5.TP1.R1.fastq.gz" , "G4.T4.R5.TP1.R2.fastq.gz" ] },
            "G12.T2.R4.TP1": { "barcode": [ "GGTAGCAA" , "AACCGGTT" ], "output": [ "G12.T2.R4.TP1.R1.fastq.gz" , "G12.T2.R4.TP1.R2.fastq.gz" ] },
            "G6.T5.R4.TP1": { "barcode": [ "AGAGACAC" , "GATCACCA" ], "output": [ "G6.T5.R4.TP1.R1.fastq.gz" , "G6.T5.R4.TP1.R2.fastq.gz" ] },
            "G1.T2.R4.TP2": { "barcode": [ "AGCAAGGT" , "GATCACCA" ], "output": [ "G1.T2.R4.TP2.R1.fastq.gz" , "G1.T2.R4.TP2.R2.fastq.gz" ] },
            "G8.T5.R3.TP2": { "barcode": [ "CTTGCTTG" , "GATCACCA" ], "output": [ "G8.T5.R3.TP2.R1.fastq.gz" , "G8.T5.R3.TP2.R2.fastq.gz" ] },
            "NEG.EXT.PL2H1": { "barcode": [ "GGTAGCAA" , "GATCACCA" ], "output": [ "NEG.EXT.PL2H1.R1.fastq.gz" , "NEG.EXT.PL2H1.R2.fastq.gz" ] },
            "G2.T6.R2.TP1": { "barcode": [ "TCTCTCTC" , "AACCGGTT" ], "output": [ "G2.T6.R2.TP1.R1.fastq.gz" , "G2.T6.R2.TP1.R2.fastq.gz" ] },
            "G12.T6.R4.TP2": { "barcode": [ "CGAACGAA" , "AACCGGTT" ], "output": [ "G12.T6.R4.TP2.R1.fastq.gz" , "G12.T6.R4.TP2.R2.fastq.gz" ] },
            "G5.T4.R3.TP1": { "barcode": [ "CACAGTCA" , "AACCGGTT" ], "output": [ "G5.T4.R3.TP1.R1.fastq.gz" , "G5.T4.R3.TP1.R2.fastq.gz" ] },
            "G9.T1.R3.TP1": { "barcode": [ "AGGTCTAC" , "AACCGGTT" ], "output": [ "G9.T1.R3.TP1.R1.fastq.gz" , "G9.T1.R3.TP1.R2.fastq.gz" ] },
            "G11.T6.R3.TP1": { "barcode": [ "TCTCTCTC" , "GATCACCA" ], "output": [ "G11.T6.R3.TP1.R1.fastq.gz" , "G11.T6.R3.TP1.R2.fastq.gz" ] },
            "G10.T5.R4.TP2": { "barcode": [ "CGAACGAA" , "GATCACCA" ], "output": [ "G10.T5.R4.TP2.R1.fastq.gz" , "G10.T5.R4.TP2.R2.fastq.gz" ] },
            "G7.T1.R2.TP2": { "barcode": [ "CACAGTCA" , "GATCACCA" ], "output": [ "G7.T1.R2.TP2.R1.fastq.gz" , "G7.T1.R2.TP2.R2.fastq.gz" ] },
            "G8.T1.R2.TP1": { "barcode": [ "AGGTCTAC" , "GATCACCA" ], "output": [ "G8.T1.R2.TP1.R1.fastq.gz" , "G8.T1.R2.TP1.R2.fastq.gz" ] },
            "G8.T6.R4.TP2": { "barcode": [ "GTACTGGT" , "AACCGGTT" ], "output": [ "G8.T6.R4.TP2.R1.fastq.gz" , "G8.T6.R4.TP2.R2.fastq.gz" ] },
            "G6.T5.R1.TP1": { "barcode": [ "TGTCGACA" , "AACCGGTT" ], "output": [ "G6.T5.R1.TP1.R1.fastq.gz" , "G6.T5.R1.TP1.R2.fastq.gz" ] },
            "G10.T2.R3.TP2": { "barcode": [ "CAGTGAGA" , "AACCGGTT" ], "output": [ "G10.T2.R3.TP2.R1.fastq.gz" , "G10.T2.R3.TP2.R2.fastq.gz" ] },
            "G3.T5.R4.TP1": { "barcode": [ "GCATGGAA" , "AACCGGTT" ], "output": [ "G3.T5.R4.TP1.R1.fastq.gz" , "G3.T5.R4.TP1.R2.fastq.gz" ] },
            "G10.T3.R3.TP2": { "barcode": [ "GTACTGGT" , "GATCACCA" ], "output": [ "G10.T3.R3.TP2.R1.fastq.gz" , "G10.T3.R3.TP2.R2.fastq.gz" ] },
            "G10.T4.R4.TP1": { "barcode": [ "TGTCGACA" , "GATCACCA" ], "output": [ "G10.T4.R4.TP1.R1.fastq.gz" , "G10.T4.R4.TP1.R2.fastq.gz" ] },
            "G3.T3.R4.TP1": { "barcode": [ "CAGTGAGA" , "GATCACCA" ], "output": [ "G3.T3.R4.TP1.R1.fastq.gz" , "G3.T3.R4.TP1.R2.fastq.gz" ] },
            "G9.T5.R3.TP1": { "barcode": [ "GCATGGAA" , "GATCACCA" ], "output": [ "G9.T5.R3.TP1.R1.fastq.gz" , "G9.T5.R3.TP1.R2.fastq.gz" ] },
            "G7.T4.R4.TP1": { "barcode": [ "GCAACGTT" , "AACCGGTT" ], "output": [ "G7.T4.R4.TP1.R1.fastq.gz" , "G7.T4.R4.TP1.R2.fastq.gz" ] },
            "G9.T6.R1.TP1": { "barcode": [ "GACAGAGT" , "AACCGGTT" ], "output": [ "G9.T6.R1.TP1.R1.fastq.gz" , "G9.T6.R1.TP1.R2.fastq.gz" ] },
            "G6.T4.R2.TP1": { "barcode": [ "CTCTCACA" , "AACCGGTT" ], "output": [ "G6.T4.R2.TP1.R1.fastq.gz" , "G6.T4.R2.TP1.R2.fastq.gz" ] },
            "G3.T4.R1.TP2": { "barcode": [ "GTTGGTAC" , "AACCGGTT" ], "output": [ "G3.T4.R1.TP2.R1.fastq.gz" , "G3.T4.R1.TP2.R2.fastq.gz" ] },
            "G3.T3.R1.TP1": { "barcode": [ "GCAACGTT" , "GATCACCA" ], "output": [ "G3.T3.R1.TP1.R1.fastq.gz" , "G3.T3.R1.TP1.R2.fastq.gz" ] },
            "G1.T2.R2.TP2": { "barcode": [ "GACAGAGT" , "GATCACCA" ], "output": [ "G1.T2.R2.TP2.R1.fastq.gz" , "G1.T2.R2.TP2.R2.fastq.gz" ] },
            "G6.T6.R1.TP1": { "barcode": [ "CTCTCACA" , "GATCACCA" ], "output": [ "G6.T6.R1.TP1.R1.fastq.gz" , "G6.T6.R1.TP1.R2.fastq.gz" ] },
            "G4.T2.R5.TP2": { "barcode": [ "GTTGGTAC" , "GATCACCA" ], "output": [ "G4.T2.R5.TP2.R1.fastq.gz" , "G4.T2.R5.TP2.R2.fastq.gz" ] },
            "G10.T1.R3.TP1": { "barcode": [ "ATAAGCGG" , "AACCGGTT" ], "output": [ "G10.T1.R3.TP1.R1.fastq.gz" , "G10.T1.R3.TP1.R2.fastq.gz" ] },
            "G8.T3.R4.TP1": { "barcode": [ "GTGTCTCT" , "AACCGGTT" ], "output": [ "G8.T3.R4.TP1.R1.fastq.gz" , "G8.T3.R4.TP1.R2.fastq.gz" ] },
            "G11.T6.R3.TP2": { "barcode": [ "CTGTACTC" , "AACCGGTT" ], "output": [ "G11.T6.R3.TP2.R1.fastq.gz" , "G11.T6.R3.TP2.R2.fastq.gz" ] },
            "G10.T3.R1.TP1": { "barcode": [ "TGCACATG" , "AACCGGTT" ], "output": [ "G10.T3.R1.TP1.R1.fastq.gz" , "G10.T3.R1.TP1.R2.fastq.gz" ] },
            "G5.T3.R3.TP1": { "barcode": [ "ATAAGCGG" , "GATCACCA" ], "output": [ "G5.T3.R3.TP1.R1.fastq.gz" , "G5.T3.R3.TP1.R2.fastq.gz" ] },
            "G2.T2.R2.TP2": { "barcode": [ "GTGTCTCT" , "GATCACCA" ], "output": [ "G2.T2.R2.TP2.R1.fastq.gz" , "G2.T2.R2.TP2.R2.fastq.gz" ] },
            "G11.T1.R4.TP2": { "barcode": [ "CTGTACTC" , "GATCACCA" ], "output": [ "G11.T1.R4.TP2.R1.fastq.gz" , "G11.T1.R4.TP2.R2.fastq.gz" ] },
            "G8.T3.R3.TP1": { "barcode": [ "TGCACATG" , "GATCACCA" ], "output": [ "G8.T3.R3.TP1.R1.fastq.gz" , "G8.T3.R3.TP1.R2.fastq.gz" ] },
            "G3.T3.R5.TP2": { "barcode": [ "TAGGAACG" , "AACCGGTT" ], "output": [ "G3.T3.R5.TP2.R1.fastq.gz" , "G3.T3.R5.TP2.R2.fastq.gz" ] },
            "G2.T4.R1.TP1": { "barcode": [ "TGGTTCCT" , "AACCGGTT" ], "output": [ "G2.T4.R1.TP1.R1.fastq.gz" , "G2.T4.R1.TP1.R2.fastq.gz" ] },
            "G3.T3.R2.TP2": { "barcode": [ "ATCCTAGG" , "AACCGGTT" ], "output": [ "G3.T3.R2.TP2.R1.fastq.gz" , "G3.T3.R2.TP2.R2.fastq.gz" ] },
            "G5.T6.R2.TP1": { "barcode": [ "CGTTCGTT" , "AACCGGTT" ], "output": [ "G5.T6.R2.TP1.R1.fastq.gz" , "G5.T6.R2.TP1.R2.fastq.gz" ] },
            "G7.T2.R2.TP1": { "barcode": [ "TAGGAACG" , "GATCACCA" ], "output": [ "G7.T2.R2.TP1.R1.fastq.gz" , "G7.T2.R2.TP1.R2.fastq.gz" ] },
            "G2.T1.R2.TP2": { "barcode": [ "TGGTTCCT" , "GATCACCA" ], "output": [ "G2.T1.R2.TP2.R1.fastq.gz" , "G2.T1.R2.TP2.R2.fastq.gz" ] },
            "G10.T1.R2.TP1": { "barcode": [ "ATCCTAGG" , "GATCACCA" ], "output": [ "G10.T1.R2.TP1.R1.fastq.gz" , "G10.T1.R2.TP1.R2.fastq.gz" ] },
            "G2.T3.R5.TP1": { "barcode": [ "CGTTCGTT" , "GATCACCA" ], "output": [ "G2.T3.R5.TP1.R1.fastq.gz" , "G2.T3.R5.TP1.R2.fastq.gz" ] },
            "G4.T1.R2.TP2": { "barcode": [ "AGAGACAC" , "TGGACTAC" ], "output": [ "G4.T1.R2.TP2.R1.fastq.gz" , "G4.T1.R2.TP2.R2.fastq.gz" ] },
            "G5.T6.R4.TP1": { "barcode": [ "AGCAAGGT" , "TGGACTAC" ], "output": [ "G5.T6.R4.TP1.R1.fastq.gz" , "G5.T6.R4.TP1.R2.fastq.gz" ] },
            "G4.T6.R4.TP2": { "barcode": [ "CTTGCTTG" , "TGGACTAC" ], "output": [ "G4.T6.R4.TP2.R1.fastq.gz" , "G4.T6.R4.TP2.R2.fastq.gz" ] },
            "G6.T3.R2.TP2": { "barcode": [ "GGTAGCAA" , "TGGACTAC" ], "output": [ "G6.T3.R2.TP2.R1.fastq.gz" , "G6.T3.R2.TP2.R2.fastq.gz" ] },
            "G10.T3.R4.TP1": { "barcode": [ "AGAGACAC" , "CCATTAGG" ], "output": [ "G10.T3.R4.TP1.R1.fastq.gz" , "G10.T3.R4.TP1.R2.fastq.gz" ] },
            "G4.T1.R5.TP1": { "barcode": [ "AGCAAGGT" , "CCATTAGG" ], "output": [ "G4.T1.R5.TP1.R1.fastq.gz" , "G4.T1.R5.TP1.R2.fastq.gz" ] },
            "G4.T1.R3.TP1": { "barcode": [ "CTTGCTTG" , "CCATTAGG" ], "output": [ "G4.T1.R3.TP1.R1.fastq.gz" , "G4.T1.R3.TP1.R2.fastq.gz" ] },
            "G8.T1.R4.TP1": { "barcode": [ "GGTAGCAA" , "CCATTAGG" ], "output": [ "G8.T1.R4.TP1.R1.fastq.gz" , "G8.T1.R4.TP1.R2.fastq.gz" ] },
            "G3.T5.R4.TP2": { "barcode": [ "TCTCTCTC" , "TGGACTAC" ], "output": [ "G3.T5.R4.TP2.R1.fastq.gz" , "G3.T5.R4.TP2.R2.fastq.gz" ] },
            "G2.T2.R5.TP2": { "barcode": [ "CGAACGAA" , "TGGACTAC" ], "output": [ "G2.T2.R5.TP2.R1.fastq.gz" , "G2.T2.R5.TP2.R2.fastq.gz" ] },
            "G3.T2.R5.TP2": { "barcode": [ "CACAGTCA" , "TGGACTAC" ], "output": [ "G3.T2.R5.TP2.R1.fastq.gz" , "G3.T2.R5.TP2.R2.fastq.gz" ] },
            "G7.T1.R3.TP1": { "barcode": [ "AGGTCTAC" , "TGGACTAC" ], "output": [ "G7.T1.R3.TP1.R1.fastq.gz" , "G7.T1.R3.TP1.R2.fastq.gz" ] },
            "G7.T2.R5.TP2": { "barcode": [ "TCTCTCTC" , "CCATTAGG" ], "output": [ "G7.T2.R5.TP2.R1.fastq.gz" , "G7.T2.R5.TP2.R2.fastq.gz" ] },
            "G8.T6.R1.TP1": { "barcode": [ "CGAACGAA" , "CCATTAGG" ], "output": [ "G8.T6.R1.TP1.R1.fastq.gz" , "G8.T6.R1.TP1.R2.fastq.gz" ] },
            "G9.T3.R4.TP2": { "barcode": [ "CACAGTCA" , "CCATTAGG" ], "output": [ "G9.T3.R4.TP2.R1.fastq.gz" , "G9.T3.R4.TP2.R2.fastq.gz" ] },
            "G10.T6.R3.TP1": { "barcode": [ "AGGTCTAC" , "CCATTAGG" ], "output": [ "G10.T6.R3.TP1.R1.fastq.gz" , "G10.T6.R3.TP1.R2.fastq.gz" ] },
            "G6.T2.R5.TP2": { "barcode": [ "GTACTGGT" , "TGGACTAC" ], "output": [ "G6.T2.R5.TP2.R1.fastq.gz" , "G6.T2.R5.TP2.R2.fastq.gz" ] },
            "G3.T2.R1.TP1": { "barcode": [ "TGTCGACA" , "TGGACTAC" ], "output": [ "G3.T2.R1.TP1.R1.fastq.gz" , "G3.T2.R1.TP1.R2.fastq.gz" ] },
            "G12.T6.R2.TP1": { "barcode": [ "CAGTGAGA" , "TGGACTAC" ], "output": [ "G12.T6.R2.TP1.R1.fastq.gz" , "G12.T6.R2.TP1.R2.fastq.gz" ] },
            "G2.T3.R2.TP2": { "barcode": [ "GCATGGAA" , "TGGACTAC" ], "output": [ "G2.T3.R2.TP2.R1.fastq.gz" , "G2.T3.R2.TP2.R2.fastq.gz" ] },
            "G9.T5.R4.TP1": { "barcode": [ "GTACTGGT" , "CCATTAGG" ], "output": [ "G9.T5.R4.TP1.R1.fastq.gz" , "G9.T5.R4.TP1.R2.fastq.gz" ] },
            "G2.T2.R1.TP1": { "barcode": [ "TGTCGACA" , "CCATTAGG" ], "output": [ "G2.T2.R1.TP1.R1.fastq.gz" , "G2.T2.R1.TP1.R2.fastq.gz" ] },
            "G5.T3.R2.TP1": { "barcode": [ "CAGTGAGA" , "CCATTAGG" ], "output": [ "G5.T3.R2.TP1.R1.fastq.gz" , "G5.T3.R2.TP1.R2.fastq.gz" ] },
            "G3.T3.R5.TP1": { "barcode": [ "GCATGGAA" , "CCATTAGG" ], "output": [ "G3.T3.R5.TP1.R1.fastq.gz" , "G3.T3.R5.TP1.R2.fastq.gz" ] },
            "G6.T2.R5.TP1": { "barcode": [ "GCAACGTT" , "TGGACTAC" ], "output": [ "G6.T2.R5.TP1.R1.fastq.gz" , "G6.T2.R5.TP1.R2.fastq.gz" ] },
            "G3.T1.R4.TP1": { "barcode": [ "GACAGAGT" , "TGGACTAC" ], "output": [ "G3.T1.R4.TP1.R1.fastq.gz" , "G3.T1.R4.TP1.R2.fastq.gz" ] },
            "G9.T2.R4.TP1": { "barcode": [ "CTCTCACA" , "TGGACTAC" ], "output": [ "G9.T2.R4.TP1.R1.fastq.gz" , "G9.T2.R4.TP1.R2.fastq.gz" ] },
            "G12.T3.R1.TP1": { "barcode": [ "GTTGGTAC" , "TGGACTAC" ], "output": [ "G12.T3.R1.TP1.R1.fastq.gz" , "G12.T3.R1.TP1.R2.fastq.gz" ] },
            "G10.T6.R1.TP1": { "barcode": [ "GCAACGTT" , "CCATTAGG" ], "output": [ "G10.T6.R1.TP1.R1.fastq.gz" , "G10.T6.R1.TP1.R2.fastq.gz" ] },
            "G11.T3.R1.TP1": { "barcode": [ "GACAGAGT" , "CCATTAGG" ], "output": [ "G11.T3.R1.TP1.R1.fastq.gz" , "G11.T3.R1.TP1.R2.fastq.gz" ] },
            "G1.T6.R5.TP1": { "barcode": [ "CTCTCACA" , "CCATTAGG" ], "output": [ "G1.T6.R5.TP1.R1.fastq.gz" , "G1.T6.R5.TP1.R2.fastq.gz" ] },
            "G7.T1.R2.TP1": { "barcode": [ "GTTGGTAC" , "CCATTAGG" ], "output": [ "G7.T1.R2.TP1.R1.fastq.gz" , "G7.T1.R2.TP1.R2.fastq.gz" ] },
            "G2.T6.R4.TP1": { "barcode": [ "ATAAGCGG" , "TGGACTAC" ], "output": [ "G2.T6.R4.TP1.R1.fastq.gz" , "G2.T6.R4.TP1.R2.fastq.gz" ] },
            "G5.T5.R1.TP1": { "barcode": [ "GTGTCTCT" , "TGGACTAC" ], "output": [ "G5.T5.R1.TP1.R1.fastq.gz" , "G5.T5.R1.TP1.R2.fastq.gz" ] },
            "G11.T1.R1.TP1": { "barcode": [ "CTGTACTC" , "TGGACTAC" ], "output": [ "G11.T1.R1.TP1.R1.fastq.gz" , "G11.T1.R1.TP1.R2.fastq.gz" ] },
            "G10.T5.R2.TP1": { "barcode": [ "TGCACATG" , "TGGACTAC" ], "output": [ "G10.T5.R2.TP1.R1.fastq.gz" , "G10.T5.R2.TP1.R2.fastq.gz" ] },
            "G10.T4.R3.TP1": { "barcode": [ "ATAAGCGG" , "CCATTAGG" ], "output": [ "G10.T4.R3.TP1.R1.fastq.gz" , "G10.T4.R3.TP1.R2.fastq.gz" ] },
            "G9.T3.R5.TP1": { "barcode": [ "GTGTCTCT" , "CCATTAGG" ], "output": [ "G9.T3.R5.TP1.R1.fastq.gz" , "G9.T3.R5.TP1.R2.fastq.gz" ] },
            "G7.T6.R5.TP1": { "barcode": [ "CTGTACTC" , "CCATTAGG" ], "output": [ "G7.T6.R5.TP1.R1.fastq.gz" , "G7.T6.R5.TP1.R2.fastq.gz" ] },
            "G9.T2.R3.TP1": { "barcode": [ "TGCACATG" , "CCATTAGG" ], "output": [ "G9.T2.R3.TP1.R1.fastq.gz" , "G9.T2.R3.TP1.R2.fastq.gz" ] },
            "NEG.EXT.PL2A12": { "barcode": [ "TAGGAACG" , "TGGACTAC" ], "output": [ "NEG.EXT.PL2A12.R1.fastq.gz" , "NEG.EXT.PL2A12.R2.fastq.gz" ] },
            "G7.T2.R1.TP1": { "barcode": [ "TGGTTCCT" , "TGGACTAC" ], "output": [ "G7.T2.R1.TP1.R1.fastq.gz" , "G7.T2.R1.TP1.R2.fastq.gz" ] },
            "G3.T4.R2.TP1": { "barcode": [ "ATCCTAGG" , "TGGACTAC" ], "output": [ "G3.T4.R2.TP1.R1.fastq.gz" , "G3.T4.R2.TP1.R2.fastq.gz" ] },
            "G2.T4.R2.TP1": { "barcode": [ "CGTTCGTT" , "TGGACTAC" ], "output": [ "G2.T4.R2.TP1.R1.fastq.gz" , "G2.T4.R2.TP1.R2.fastq.gz" ] },
            "G3.T2.R5.TP1": { "barcode": [ "TAGGAACG" , "CCATTAGG" ], "output": [ "G3.T2.R5.TP1.R1.fastq.gz" , "G3.T2.R5.TP1.R2.fastq.gz" ] },
            "G8.T6.R5.TP1": { "barcode": [ "TGGTTCCT" , "CCATTAGG" ], "output": [ "G8.T6.R5.TP1.R1.fastq.gz" , "G8.T6.R5.TP1.R2.fastq.gz" ] },
            "G1.T1.R1.TP1": { "barcode": [ "ATCCTAGG" , "CCATTAGG" ], "output": [ "G1.T1.R1.TP1.R1.fastq.gz" , "G1.T1.R1.TP1.R2.fastq.gz" ] },
            "NEG.PCR.PL2H12": { "barcode": [ "CGTTCGTT" , "CCATTAGG" ], "output": [ "NEG.PCR.PL2H12.R1.fastq.gz" , "NEG.PCR.PL2H12.R2.fastq.gz" ] },
            "NEG.PCR.PL3A1": { "barcode": [ "AGAGACAC" , "CACTTCTG" ], "output": [ "NEG.PCR.PL3A1.R1.fastq.gz" , "NEG.PCR.PL3A1.R2.fastq.gz" ] },
            "G12.T2.R3.TP1": { "barcode": [ "AGCAAGGT" , "CACTTCTG" ], "output": [ "G12.T2.R3.TP1.R1.fastq.gz" , "G12.T2.R3.TP1.R2.fastq.gz" ] },
            "G7.T6.R1.TP1": { "barcode": [ "CTTGCTTG" , "CACTTCTG" ], "output": [ "G7.T6.R1.TP1.R1.fastq.gz" , "G7.T6.R1.TP1.R2.fastq.gz" ] },
            "G4.T3.R1.TP2": { "barcode": [ "GGTAGCAA" , "CACTTCTG" ], "output": [ "G4.T3.R1.TP2.R1.fastq.gz" , "G4.T3.R1.TP2.R2.fastq.gz" ] },
            "G11.T6.R4.TP2": { "barcode": [ "AGAGACAC" , "TGACGAGA" ], "output": [ "G11.T6.R4.TP2.R1.fastq.gz" , "G11.T6.R4.TP2.R2.fastq.gz" ] },
            "G10.T4.R2.TP1": { "barcode": [ "AGCAAGGT" , "TGACGAGA" ], "output": [ "G10.T4.R2.TP1.R1.fastq.gz" , "G10.T4.R2.TP1.R2.fastq.gz" ] },
            "G8.T3.R2.TP1": { "barcode": [ "CTTGCTTG" , "TGACGAGA" ], "output": [ "G8.T3.R2.TP1.R1.fastq.gz" , "G8.T3.R2.TP1.R2.fastq.gz" ] },
            "NEG.EXT.PL3H1": { "barcode": [ "GGTAGCAA" , "TGACGAGA" ], "output": [ "NEG.EXT.PL3H1.R1.fastq.gz" , "NEG.EXT.PL3H1.R2.fastq.gz" ] },
            "G9.T5.R2.TP1": { "barcode": [ "TCTCTCTC" , "CACTTCTG" ], "output": [ "G9.T5.R2.TP1.R1.fastq.gz" , "G9.T5.R2.TP1.R2.fastq.gz" ] },
            "G4.T2.R1.TP1": { "barcode": [ "CGAACGAA" , "CACTTCTG" ], "output": [ "G4.T2.R1.TP1.R1.fastq.gz" , "G4.T2.R1.TP1.R2.fastq.gz" ] },
            "G3.T5.R1.TP2": { "barcode": [ "CACAGTCA" , "CACTTCTG" ], "output": [ "G3.T5.R1.TP2.R1.fastq.gz" , "G3.T5.R1.TP2.R2.fastq.gz" ] },
            "G7.T6.R4.TP1": { "barcode": [ "AGGTCTAC" , "CACTTCTG" ], "output": [ "G7.T6.R4.TP1.R1.fastq.gz" , "G7.T6.R4.TP1.R2.fastq.gz" ] },
            "G6.T5.R5.TP1": { "barcode": [ "TCTCTCTC" , "TGACGAGA" ], "output": [ "G6.T5.R5.TP1.R1.fastq.gz" , "G6.T5.R5.TP1.R2.fastq.gz" ] },
            "G1.T4.R1.TP2": { "barcode": [ "CGAACGAA" , "TGACGAGA" ], "output": [ "G1.T4.R1.TP2.R1.fastq.gz" , "G1.T4.R1.TP2.R2.fastq.gz" ] },
            "G10.T4.R1.TP2": { "barcode": [ "CACAGTCA" , "TGACGAGA" ], "output": [ "G10.T4.R1.TP2.R1.fastq.gz" , "G10.T4.R1.TP2.R2.fastq.gz" ] },
            "G4.T1.R1.TP1": { "barcode": [ "AGGTCTAC" , "TGACGAGA" ], "output": [ "G4.T1.R1.TP1.R1.fastq.gz" , "G4.T1.R1.TP1.R2.fastq.gz" ] },
            "G2.T3.R2.TP1": { "barcode": [ "GTACTGGT" , "CACTTCTG" ], "output": [ "G2.T3.R2.TP1.R1.fastq.gz" , "G2.T3.R2.TP1.R2.fastq.gz" ] },
            "G9.T1.R5.TP1": { "barcode": [ "TGTCGACA" , "CACTTCTG" ], "output": [ "G9.T1.R5.TP1.R1.fastq.gz" , "G9.T1.R5.TP1.R2.fastq.gz" ] },
            "G6.T6.R5.TP1": { "barcode": [ "CAGTGAGA" , "CACTTCTG" ], "output": [ "G6.T6.R5.TP1.R1.fastq.gz" , "G6.T6.R5.TP1.R2.fastq.gz" ] },
            "G8.T4.R4.TP2": { "barcode": [ "GCATGGAA" , "CACTTCTG" ], "output": [ "G8.T4.R4.TP2.R1.fastq.gz" , "G8.T4.R4.TP2.R2.fastq.gz" ] },
            "G4.T3.R4.TP1": { "barcode": [ "GTACTGGT" , "TGACGAGA" ], "output": [ "G4.T3.R4.TP1.R1.fastq.gz" , "G4.T3.R4.TP1.R2.fastq.gz" ] },
            "G1.T4.R5.TP2": { "barcode": [ "TGTCGACA" , "TGACGAGA" ], "output": [ "G1.T4.R5.TP2.R1.fastq.gz" , "G1.T4.R5.TP2.R2.fastq.gz" ] },
            "G10.T2.R3.TP1": { "barcode": [ "CAGTGAGA" , "TGACGAGA" ], "output": [ "G10.T2.R3.TP1.R1.fastq.gz" , "G10.T2.R3.TP1.R2.fastq.gz" ] },
            "G2.T1.R1.TP1": { "barcode": [ "GCATGGAA" , "TGACGAGA" ], "output": [ "G2.T1.R1.TP1.R1.fastq.gz" , "G2.T1.R1.TP1.R2.fastq.gz" ] },
            "G6.T4.R4.TP2": { "barcode": [ "GCAACGTT" , "CACTTCTG" ], "output": [ "G6.T4.R4.TP2.R1.fastq.gz" , "G6.T4.R4.TP2.R2.fastq.gz" ] },
            "G6.T2.R4.TP2": { "barcode": [ "GACAGAGT" , "CACTTCTG" ], "output": [ "G6.T2.R4.TP2.R1.fastq.gz" , "G6.T2.R4.TP2.R2.fastq.gz" ] },
            "G8.T4.R1.TP2": { "barcode": [ "CTCTCACA" , "CACTTCTG" ], "output": [ "G8.T4.R1.TP2.R1.fastq.gz" , "G8.T4.R1.TP2.R2.fastq.gz" ] },
            "G9.T3.R4.TP1": { "barcode": [ "GTTGGTAC" , "CACTTCTG" ], "output": [ "G9.T3.R4.TP1.R1.fastq.gz" , "G9.T3.R4.TP1.R2.fastq.gz" ] },
            "G5.T2.R3.TP1": { "barcode": [ "GCAACGTT" , "TGACGAGA" ], "output": [ "G5.T2.R3.TP1.R1.fastq.gz" , "G5.T2.R3.TP1.R2.fastq.gz" ] },
            "G12.T5.R1.TP1": { "barcode": [ "GACAGAGT" , "TGACGAGA" ], "output": [ "G12.T5.R1.TP1.R1.fastq.gz" , "G12.T5.R1.TP1.R2.fastq.gz" ] },
            "G12.T2.R2.TP1": { "barcode": [ "CTCTCACA" , "TGACGAGA" ], "output": [ "G12.T2.R2.TP1.R1.fastq.gz" , "G12.T2.R2.TP1.R2.fastq.gz" ] },
            "G8.T3.R1.TP2": { "barcode": [ "GTTGGTAC" , "TGACGAGA" ], "output": [ "G8.T3.R1.TP2.R1.fastq.gz" , "G8.T3.R1.TP2.R2.fastq.gz" ] },
            "G8.T2.R5.TP1": { "barcode": [ "ATAAGCGG" , "CACTTCTG" ], "output": [ "G8.T2.R5.TP1.R1.fastq.gz" , "G8.T2.R5.TP1.R2.fastq.gz" ] },
            "G7.T5.R2.TP1": { "barcode": [ "GTGTCTCT" , "CACTTCTG" ], "output": [ "G7.T5.R2.TP1.R1.fastq.gz" , "G7.T5.R2.TP1.R2.fastq.gz" ] },
            "G10.T5.R1.TP2": { "barcode": [ "CTGTACTC" , "CACTTCTG" ], "output": [ "G10.T5.R1.TP2.R1.fastq.gz" , "G10.T5.R1.TP2.R2.fastq.gz" ] },
            "G10.T2.R1.TP1": { "barcode": [ "TGCACATG" , "CACTTCTG" ], "output": [ "G10.T2.R1.TP1.R1.fastq.gz" , "G10.T2.R1.TP1.R2.fastq.gz" ] },
            "G6.T1.R3.TP1": { "barcode": [ "ATAAGCGG" , "TGACGAGA" ], "output": [ "G6.T1.R3.TP1.R1.fastq.gz" , "G6.T1.R3.TP1.R2.fastq.gz" ] },
            "G6.T1.R1.TP1": { "barcode": [ "GTGTCTCT" , "TGACGAGA" ], "output": [ "G6.T1.R1.TP1.R1.fastq.gz" , "G6.T1.R1.TP1.R2.fastq.gz" ] },
            "G5.T4.R2.TP1": { "barcode": [ "CTGTACTC" , "TGACGAGA" ], "output": [ "G5.T4.R2.TP1.R1.fastq.gz" , "G5.T4.R2.TP1.R2.fastq.gz" ] },
            "G1.T3.R5.TP2": { "barcode": [ "TGCACATG" , "TGACGAGA" ], "output": [ "G1.T3.R5.TP2.R1.fastq.gz" , "G1.T3.R5.TP2.R2.fastq.gz" ] },
            "G2.T1.R2.TP1": { "barcode": [ "TAGGAACG" , "CACTTCTG" ], "output": [ "G2.T1.R2.TP1.R1.fastq.gz" , "G2.T1.R2.TP1.R2.fastq.gz" ] },
            "G1.T4.R5.TP1": { "barcode": [ "TGGTTCCT" , "CACTTCTG" ], "output": [ "G1.T4.R5.TP1.R1.fastq.gz" , "G1.T4.R5.TP1.R2.fastq.gz" ] },
            "G7.T6.R3.TP1": { "barcode": [ "ATCCTAGG" , "CACTTCTG" ], "output": [ "G7.T6.R3.TP1.R1.fastq.gz" , "G7.T6.R3.TP1.R2.fastq.gz" ] },
            "G2.T3.R1.TP1": { "barcode": [ "CGTTCGTT" , "CACTTCTG" ], "output": [ "G2.T3.R1.TP1.R1.fastq.gz" , "G2.T3.R1.TP1.R2.fastq.gz" ] },
            "G12.T4.R1.TP1": { "barcode": [ "TAGGAACG" , "TGACGAGA" ], "output": [ "G12.T4.R1.TP1.R1.fastq.gz" , "G12.T4.R1.TP1.R2.fastq.gz" ] },
            "G3.T5.R2.TP2": { "barcode": [ "TGGTTCCT" , "TGACGAGA" ], "output": [ "G3.T5.R2.TP2.R1.fastq.gz" , "G3.T5.R2.TP2.R2.fastq.gz" ] },
            "G8.T4.R1.TP1": { "barcode": [ "ATCCTAGG" , "TGACGAGA" ], "output": [ "G8.T4.R1.TP1.R1.fastq.gz" , "G8.T4.R1.TP1.R2.fastq.gz" ] },
            "G9.T1.R4.TP2": { "barcode": [ "CGTTCGTT" , "TGACGAGA" ], "output": [ "G9.T1.R4.TP2.R1.fastq.gz" , "G9.T1.R4.TP2.R2.fastq.gz" ] },
            "G11.T6.R1.TP1": { "barcode": [ "AGAGACAC" , "CCAATTCC" ], "output": [ "G11.T6.R1.TP1.R1.fastq.gz" , "G11.T6.R1.TP1.R2.fastq.gz" ] },
            "G11.T6.R4.TP1": { "barcode": [ "AGCAAGGT" , "CCAATTCC" ], "output": [ "G11.T6.R4.TP1.R1.fastq.gz" , "G11.T6.R4.TP1.R2.fastq.gz" ] },
            "G3.T6.R2.TP2": { "barcode": [ "CTTGCTTG" , "CCAATTCC" ], "output": [ "G3.T6.R2.TP2.R1.fastq.gz" , "G3.T6.R2.TP2.R2.fastq.gz" ] },
            "G12.T5.R2.TP2": { "barcode": [ "GGTAGCAA" , "CCAATTCC" ], "output": [ "G12.T5.R2.TP2.R1.fastq.gz" , "G12.T5.R2.TP2.R2.fastq.gz" ] },
            "G1.T6.R1.TP1": { "barcode": [ "AGAGACAC" , "AGTGGTGA" ], "output": [ "G1.T6.R1.TP1.R1.fastq.gz" , "G1.T6.R1.TP1.R2.fastq.gz" ] },
            "G4.T4.R3.TP1": { "barcode": [ "AGCAAGGT" , "AGTGGTGA" ], "output": [ "G4.T4.R3.TP1.R1.fastq.gz" , "G4.T4.R3.TP1.R2.fastq.gz" ] },
            "G11.T2.R2.TP2": { "barcode": [ "CTTGCTTG" , "AGTGGTGA" ], "output": [ "G11.T2.R2.TP2.R1.fastq.gz" , "G11.T2.R2.TP2.R2.fastq.gz" ] },
            "G7.T5.R2.TP2": { "barcode": [ "GGTAGCAA" , "AGTGGTGA" ], "output": [ "G7.T5.R2.TP2.R1.fastq.gz" , "G7.T5.R2.TP2.R2.fastq.gz" ] },
            "G9.T2.R2.TP1": { "barcode": [ "TCTCTCTC" , "CCAATTCC" ], "output": [ "G9.T2.R2.TP1.R1.fastq.gz" , "G9.T2.R2.TP1.R2.fastq.gz" ] },
            "G4.T6.R2.TP2": { "barcode": [ "CGAACGAA" , "CCAATTCC" ], "output": [ "G4.T6.R2.TP2.R1.fastq.gz" , "G4.T6.R2.TP2.R2.fastq.gz" ] },
            "G9.T5.R3.TP2": { "barcode": [ "CACAGTCA" , "CCAATTCC" ], "output": [ "G9.T5.R3.TP2.R1.fastq.gz" , "G9.T5.R3.TP2.R2.fastq.gz" ] },
            "G8.T2.R2.TP1": { "barcode": [ "AGGTCTAC" , "CCAATTCC" ], "output": [ "G8.T2.R2.TP1.R1.fastq.gz" , "G8.T2.R2.TP1.R2.fastq.gz" ] },
            "G5.T2.R2.TP2": { "barcode": [ "TCTCTCTC" , "AGTGGTGA" ], "output": [ "G5.T2.R2.TP2.R1.fastq.gz" , "G5.T2.R2.TP2.R2.fastq.gz" ] },
            "G2.T4.R2.TP2": { "barcode": [ "CGAACGAA" , "AGTGGTGA" ], "output": [ "G2.T4.R2.TP2.R1.fastq.gz" , "G2.T4.R2.TP2.R2.fastq.gz" ] },
            "G5.T3.R2.TP2": { "barcode": [ "CACAGTCA" , "AGTGGTGA" ], "output": [ "G5.T3.R2.TP2.R1.fastq.gz" , "G5.T3.R2.TP2.R2.fastq.gz" ] },
            "G8.T2.R1.TP1": { "barcode": [ "AGGTCTAC" , "AGTGGTGA" ], "output": [ "G8.T2.R1.TP1.R1.fastq.gz" , "G8.T2.R1.TP1.R2.fastq.gz" ] },
            "G10.T4.R1.TP1": { "barcode": [ "GTACTGGT" , "CCAATTCC" ], "output": [ "G10.T4.R1.TP1.R1.fastq.gz" , "G10.T4.R1.TP1.R2.fastq.gz" ] },
            "G6.T5.R3.TP1": { "barcode": [ "TGTCGACA" , "CCAATTCC" ], "output": [ "G6.T5.R3.TP1.R1.fastq.gz" , "G6.T5.R3.TP1.R2.fastq.gz" ] },
            "G4.T6.R2.TP1": { "barcode": [ "CAGTGAGA" , "CCAATTCC" ], "output": [ "G4.T6.R2.TP1.R1.fastq.gz" , "G4.T6.R2.TP1.R2.fastq.gz" ] },
            "G9.T1.R2.TP1": { "barcode": [ "GCATGGAA" , "CCAATTCC" ], "output": [ "G9.T1.R2.TP1.R1.fastq.gz" , "G9.T1.R2.TP1.R2.fastq.gz" ] },
            "G7.T5.R4.TP1": { "barcode": [ "GTACTGGT" , "AGTGGTGA" ], "output": [ "G7.T5.R4.TP1.R1.fastq.gz" , "G7.T5.R4.TP1.R2.fastq.gz" ] },
            "G7.T1.R4.TP1": { "barcode": [ "TGTCGACA" , "AGTGGTGA" ], "output": [ "G7.T1.R4.TP1.R1.fastq.gz" , "G7.T1.R4.TP1.R2.fastq.gz" ] },
            "G12.T6.R1.TP1": { "barcode": [ "CAGTGAGA" , "AGTGGTGA" ], "output": [ "G12.T6.R1.TP1.R1.fastq.gz" , "G12.T6.R1.TP1.R2.fastq.gz" ] },
            "G1.T6.R2.TP1": { "barcode": [ "GCATGGAA" , "AGTGGTGA" ], "output": [ "G1.T6.R2.TP1.R1.fastq.gz" , "G1.T6.R2.TP1.R2.fastq.gz" ] },
            "G2.T5.R4.TP1": { "barcode": [ "GCAACGTT" , "CCAATTCC" ], "output": [ "G2.T5.R4.TP1.R1.fastq.gz" , "G2.T5.R4.TP1.R2.fastq.gz" ] },
            "G10.T5.R1.TP1": { "barcode": [ "GACAGAGT" , "CCAATTCC" ], "output": [ "G10.T5.R1.TP1.R1.fastq.gz" , "G10.T5.R1.TP1.R2.fastq.gz" ] },
            "G9.T4.R3.TP2": { "barcode": [ "CTCTCACA" , "CCAATTCC" ], "output": [ "G9.T4.R3.TP2.R1.fastq.gz" , "G9.T4.R3.TP2.R2.fastq.gz" ] },
            "G9.T6.R2.TP2": { "barcode": [ "GTTGGTAC" , "CCAATTCC" ], "output": [ "G9.T6.R2.TP2.R1.fastq.gz" , "G9.T6.R2.TP2.R2.fastq.gz" ] },
            "G12.T1.R1.TP1": { "barcode": [ "GCAACGTT" , "AGTGGTGA" ], "output": [ "G12.T1.R1.TP1.R1.fastq.gz" , "G12.T1.R1.TP1.R2.fastq.gz" ] },
            "G6.T6.R2.TP1": { "barcode": [ "GACAGAGT" , "AGTGGTGA" ], "output": [ "G6.T6.R2.TP1.R1.fastq.gz" , "G6.T6.R2.TP1.R2.fastq.gz" ] },
            "G7.T1.R3.TP2": { "barcode": [ "CTCTCACA" , "AGTGGTGA" ], "output": [ "G7.T1.R3.TP2.R1.fastq.gz" , "G7.T1.R3.TP2.R2.fastq.gz" ] },
            "G8.T2.R3.TP1": { "barcode": [ "GTTGGTAC" , "AGTGGTGA" ], "output": [ "G8.T2.R3.TP1.R1.fastq.gz" , "G8.T2.R3.TP1.R2.fastq.gz" ] },
            "G4.T5.R4.TP1": { "barcode": [ "ATAAGCGG" , "CCAATTCC" ], "output": [ "G4.T5.R4.TP1.R1.fastq.gz" , "G4.T5.R4.TP1.R2.fastq.gz" ] },
            "G8.T6.R2.TP1": { "barcode": [ "GTGTCTCT" , "CCAATTCC" ], "output": [ "G8.T6.R2.TP1.R1.fastq.gz" , "G8.T6.R2.TP1.R2.fastq.gz" ] },
            "G1.T3.R1.TP1": { "barcode": [ "CTGTACTC" , "CCAATTCC" ], "output": [ "G1.T3.R1.TP1.R1.fastq.gz" , "G1.T3.R1.TP1.R2.fastq.gz" ] },
            "G1.T1.R2.TP2": { "barcode": [ "TGCACATG" , "CCAATTCC" ], "output": [ "G1.T1.R2.TP2.R1.fastq.gz" , "G1.T1.R2.TP2.R2.fastq.gz" ] },
            "G11.T1.R2.TP1": { "barcode": [ "ATAAGCGG" , "AGTGGTGA" ], "output": [ "G11.T1.R2.TP1.R1.fastq.gz" , "G11.T1.R2.TP1.R2.fastq.gz" ] },
            "G3.T1.R3.TP2": { "barcode": [ "GTGTCTCT" , "AGTGGTGA" ], "output": [ "G3.T1.R3.TP2.R1.fastq.gz" , "G3.T1.R3.TP2.R2.fastq.gz" ] },
            "G8.T4.R2.TP1": { "barcode": [ "CTGTACTC" , "AGTGGTGA" ], "output": [ "G8.T4.R2.TP1.R1.fastq.gz" , "G8.T4.R2.TP1.R2.fastq.gz" ] },
            "G7.T1.R5.TP1": { "barcode": [ "TGCACATG" , "AGTGGTGA" ], "output": [ "G7.T1.R5.TP1.R1.fastq.gz" , "G7.T1.R5.TP1.R2.fastq.gz" ] },
            "NEG.EXT.PL3A12": { "barcode": [ "TAGGAACG" , "CCAATTCC" ], "output": [ "NEG.EXT.PL3A12.R1.fastq.gz" , "NEG.EXT.PL3A12.R2.fastq.gz" ] },
            "G2.T6.R1.TP2": { "barcode": [ "TGGTTCCT" , "CCAATTCC" ], "output": [ "G2.T6.R1.TP2.R1.fastq.gz" , "G2.T6.R1.TP2.R2.fastq.gz" ] },
            "G9.T4.R2.TP1": { "barcode": [ "ATCCTAGG" , "CCAATTCC" ], "output": [ "G9.T4.R2.TP1.R1.fastq.gz" , "G9.T4.R2.TP1.R2.fastq.gz" ] },
            "G6.T6.R3.TP2": { "barcode": [ "CGTTCGTT" , "CCAATTCC" ], "output": [ "G6.T6.R3.TP2.R1.fastq.gz" , "G6.T6.R3.TP2.R2.fastq.gz" ] },
            "G7.T6.R3.TP2": { "barcode": [ "TAGGAACG" , "AGTGGTGA" ], "output": [ "G7.T6.R3.TP2.R1.fastq.gz" , "G7.T6.R3.TP2.R2.fastq.gz" ] },
            "G9.T5.R5.TP1": { "barcode": [ "TGGTTCCT" , "AGTGGTGA" ], "output": [ "G9.T5.R5.TP1.R1.fastq.gz" , "G9.T5.R5.TP1.R2.fastq.gz" ] },
            "G1.T1.R4.TP2": { "barcode": [ "ATCCTAGG" , "AGTGGTGA" ], "output": [ "G1.T1.R4.TP2.R1.fastq.gz" , "G1.T1.R4.TP2.R2.fastq.gz" ] },
            "NEG.PCR.PL3H12": { "barcode": [ "CGTTCGTT" , "AGTGGTGA" ], "output": [ "NEG.PCR.PL3H12.R1.fastq.gz" , "NEG.PCR.PL3H12.R2.fastq.gz" ] },
            "NEG.PCR.PL4A1": { "barcode": [ "AGAGACAC" , "AGAGCAGT" ], "output": [ "NEG.PCR.PL4A1.R1.fastq.gz" , "NEG.PCR.PL4A1.R2.fastq.gz" ] },
            "G6.T4.R1.TP1": { "barcode": [ "AGCAAGGT" , "AGAGCAGT" ], "output": [ "G6.T4.R1.TP1.R1.fastq.gz" , "G6.T4.R1.TP1.R2.fastq.gz" ] },
            "G8.T6.R3.TP1": { "barcode": [ "CTTGCTTG" , "AGAGCAGT" ], "output": [ "G8.T6.R3.TP1.R1.fastq.gz" , "G8.T6.R3.TP1.R2.fastq.gz" ] },
            "G7.T2.R5.TP1": { "barcode": [ "GGTAGCAA" , "AGAGCAGT" ], "output": [ "G7.T2.R5.TP1.R1.fastq.gz" , "G7.T2.R5.TP1.R2.fastq.gz" ] },
            "G8.T6.R4.TP1": { "barcode": [ "AGAGACAC" , "AACCTTCC" ], "output": [ "G8.T6.R4.TP1.R1.fastq.gz" , "G8.T6.R4.TP1.R2.fastq.gz" ] },
            "G11.T2.R2.TP1": { "barcode": [ "AGCAAGGT" , "AACCTTCC" ], "output": [ "G11.T2.R2.TP1.R1.fastq.gz" , "G11.T2.R2.TP1.R2.fastq.gz" ] },
            "G7.T2.R1.TP2": { "barcode": [ "CTTGCTTG" , "AACCTTCC" ], "output": [ "G7.T2.R1.TP2.R1.fastq.gz" , "G7.T2.R1.TP2.R2.fastq.gz" ] },
            "NEG.EXT.PL4H1": { "barcode": [ "GGTAGCAA" , "AACCTTCC" ], "output": [ "NEG.EXT.PL4H1.R1.fastq.gz" , "NEG.EXT.PL4H1.R2.fastq.gz" ] },
            "G7.T3.R3.TP1": { "barcode": [ "TCTCTCTC" , "AGAGCAGT" ], "output": [ "G7.T3.R3.TP1.R1.fastq.gz" , "G7.T3.R3.TP1.R2.fastq.gz" ] },
            "G4.T4.R5.TP2": { "barcode": [ "CGAACGAA" , "AGAGCAGT" ], "output": [ "G4.T4.R5.TP2.R1.fastq.gz" , "G4.T4.R5.TP2.R2.fastq.gz" ] },
            "G6.T5.R4.TP2": { "barcode": [ "CACAGTCA" , "AGAGCAGT" ], "output": [ "G6.T5.R4.TP2.R1.fastq.gz" , "G6.T5.R4.TP2.R2.fastq.gz" ] },
            "G10.T3.R1.TP2": { "barcode": [ "AGGTCTAC" , "AGAGCAGT" ], "output": [ "G10.T3.R1.TP2.R1.fastq.gz" , "G10.T3.R1.TP2.R2.fastq.gz" ] },
            "G11.T4.R1.TP2": { "barcode": [ "TCTCTCTC" , "AACCTTCC" ], "output": [ "G11.T4.R1.TP2.R1.fastq.gz" , "G11.T4.R1.TP2.R2.fastq.gz" ] },
            "G12.T3.R3.TP1": { "barcode": [ "CGAACGAA" , "AACCTTCC" ], "output": [ "G12.T3.R3.TP1.R1.fastq.gz" , "G12.T3.R3.TP1.R2.fastq.gz" ] },
            "G7.T6.R5.TP2": { "barcode": [ "CACAGTCA" , "AACCTTCC" ], "output": [ "G7.T6.R5.TP2.R1.fastq.gz" , "G7.T6.R5.TP2.R2.fastq.gz" ] },
            "G9.T2.R1.TP2": { "barcode": [ "AGGTCTAC" , "AACCTTCC" ], "output": [ "G9.T2.R1.TP2.R1.fastq.gz" , "G9.T2.R1.TP2.R2.fastq.gz" ] },
            "G7.T6.R1.TP2": { "barcode": [ "GTACTGGT" , "AGAGCAGT" ], "output": [ "G7.T6.R1.TP2.R1.fastq.gz" , "G7.T6.R1.TP2.R2.fastq.gz" ] },
            "G10.T1.R1.TP2": { "barcode": [ "TGTCGACA" , "AGAGCAGT" ], "output": [ "G10.T1.R1.TP2.R1.fastq.gz" , "G10.T1.R1.TP2.R2.fastq.gz" ] },
            "G11.T4.R2.TP1": { "barcode": [ "CAGTGAGA" , "AGAGCAGT" ], "output": [ "G11.T4.R2.TP1.R1.fastq.gz" , "G11.T4.R2.TP1.R2.fastq.gz" ] },
            "G12.T1.R1.TP2": { "barcode": [ "GCATGGAA" , "AGAGCAGT" ], "output": [ "G12.T1.R1.TP2.R1.fastq.gz" , "G12.T1.R1.TP2.R2.fastq.gz" ] },
            "G5.T4.R1.TP2": { "barcode": [ "GTACTGGT" , "AACCTTCC" ], "output": [ "G5.T4.R1.TP2.R1.fastq.gz" , "G5.T4.R1.TP2.R2.fastq.gz" ] },
            "G12.T3.R1.TP2": { "barcode": [ "TGTCGACA" , "AACCTTCC" ], "output": [ "G12.T3.R1.TP2.R1.fastq.gz" , "G12.T3.R1.TP2.R2.fastq.gz" ] },
            "G7.T2.R4.TP2": { "barcode": [ "CAGTGAGA" , "AACCTTCC" ], "output": [ "G7.T2.R4.TP2.R1.fastq.gz" , "G7.T2.R4.TP2.R2.fastq.gz" ] },
            "G3.T4.R5.TP1": { "barcode": [ "GCATGGAA" , "AACCTTCC" ], "output": [ "G3.T4.R5.TP1.R1.fastq.gz" , "G3.T4.R5.TP1.R2.fastq.gz" ] },
            "G10.T5.R4.TP1": { "barcode": [ "GCAACGTT" , "AGAGCAGT" ], "output": [ "G10.T5.R4.TP1.R1.fastq.gz" , "G10.T5.R4.TP1.R2.fastq.gz" ] },
            "G8.T5.R5.TP1": { "barcode": [ "GACAGAGT" , "AGAGCAGT" ], "output": [ "G8.T5.R5.TP1.R1.fastq.gz" , "G8.T5.R5.TP1.R2.fastq.gz" ] },
            "G5.T1.R2.TP1": { "barcode": [ "CTCTCACA" , "AGAGCAGT" ], "output": [ "G5.T1.R2.TP1.R1.fastq.gz" , "G5.T1.R2.TP1.R2.fastq.gz" ] },
            "G4.T2.R4.TP2": { "barcode": [ "GTTGGTAC" , "AGAGCAGT" ], "output": [ "G4.T2.R4.TP2.R1.fastq.gz" , "G4.T2.R4.TP2.R2.fastq.gz" ] },
            "G4.T5.R5.TP2": { "barcode": [ "GCAACGTT" , "AACCTTCC" ], "output": [ "G4.T5.R5.TP2.R1.fastq.gz" , "G4.T5.R5.TP2.R2.fastq.gz" ] },
            "G4.T3.R3.TP1": { "barcode": [ "GACAGAGT" , "AACCTTCC" ], "output": [ "G4.T3.R3.TP1.R1.fastq.gz" , "G4.T3.R3.TP1.R2.fastq.gz" ] },
            "G9.T4.R4.TP1": { "barcode": [ "CTCTCACA" , "AACCTTCC" ], "output": [ "G9.T4.R4.TP1.R1.fastq.gz" , "G9.T4.R4.TP1.R2.fastq.gz" ] },
            "G9.T6.R4.TP1": { "barcode": [ "GTTGGTAC" , "AACCTTCC" ], "output": [ "G9.T6.R4.TP1.R1.fastq.gz" , "G9.T6.R4.TP1.R2.fastq.gz" ] },
            "G6.T1.R5.TP2": { "barcode": [ "ATAAGCGG" , "AGAGCAGT" ], "output": [ "G6.T1.R5.TP2.R1.fastq.gz" , "G6.T1.R5.TP2.R2.fastq.gz" ] },
            "G4.T4.R1.TP2": { "barcode": [ "GTGTCTCT" , "AGAGCAGT" ], "output": [ "G4.T4.R1.TP2.R1.fastq.gz" , "G4.T4.R1.TP2.R2.fastq.gz" ] },
            "G4.T5.R2.TP1": { "barcode": [ "CTGTACTC" , "AGAGCAGT" ], "output": [ "G4.T5.R2.TP1.R1.fastq.gz" , "G4.T5.R2.TP1.R2.fastq.gz" ] },
            "G6.T1.R2.TP1": { "barcode": [ "TGCACATG" , "AGAGCAGT" ], "output": [ "G6.T1.R2.TP1.R1.fastq.gz" , "G6.T1.R2.TP1.R2.fastq.gz" ] },
            "G1.T2.R1.TP2": { "barcode": [ "ATAAGCGG" , "AACCTTCC" ], "output": [ "G1.T2.R1.TP2.R1.fastq.gz" , "G1.T2.R1.TP2.R2.fastq.gz" ] },
            "G7.T5.R4.TP2": { "barcode": [ "GTGTCTCT" , "AACCTTCC" ], "output": [ "G7.T5.R4.TP2.R1.fastq.gz" , "G7.T5.R4.TP2.R2.fastq.gz" ] },
            "G8.T4.R4.TP1": { "barcode": [ "CTGTACTC" , "AACCTTCC" ], "output": [ "G8.T4.R4.TP1.R1.fastq.gz" , "G8.T4.R4.TP1.R2.fastq.gz" ] },
            "G5.T2.R1.TP1": { "barcode": [ "TGCACATG" , "AACCTTCC" ], "output": [ "G5.T2.R1.TP1.R1.fastq.gz" , "G5.T2.R1.TP1.R2.fastq.gz" ] },
            "G4.T1.R2.TP1": { "barcode": [ "TAGGAACG" , "AGAGCAGT" ], "output": [ "G4.T1.R2.TP1.R1.fastq.gz" , "G4.T1.R2.TP1.R2.fastq.gz" ] },
            "G3.T6.R5.TP2": { "barcode": [ "TGGTTCCT" , "AGAGCAGT" ], "output": [ "G3.T6.R5.TP2.R1.fastq.gz" , "G3.T6.R5.TP2.R2.fastq.gz" ] },
            "G8.T2.R1.TP2": { "barcode": [ "ATCCTAGG" , "AGAGCAGT" ], "output": [ "G8.T2.R1.TP2.R1.fastq.gz" , "G8.T2.R1.TP2.R2.fastq.gz" ] },
            "G1.T6.R4.TP1": { "barcode": [ "CGTTCGTT" , "AGAGCAGT" ], "output": [ "G1.T6.R4.TP1.R1.fastq.gz" , "G1.T6.R4.TP1.R2.fastq.gz" ] },
            "G3.T6.R3.TP2": { "barcode": [ "TAGGAACG" , "AACCTTCC" ], "output": [ "G3.T6.R3.TP2.R1.fastq.gz" , "G3.T6.R3.TP2.R2.fastq.gz" ] },
            "G12.T4.R2.TP2": { "barcode": [ "TGGTTCCT" , "AACCTTCC" ], "output": [ "G12.T4.R2.TP2.R1.fastq.gz" , "G12.T4.R2.TP2.R2.fastq.gz" ] },
            "G4.T3.R2.TP1": { "barcode": [ "ATCCTAGG" , "AACCTTCC" ], "output": [ "G4.T3.R2.TP1.R1.fastq.gz" , "G4.T3.R2.TP1.R2.fastq.gz" ] },
            "G3.T2.R2.TP2": { "barcode": [ "CGTTCGTT" , "AACCTTCC" ], "output": [ "G3.T2.R2.TP2.R1.fastq.gz" , "G3.T2.R2.TP2.R2.fastq.gz" ] },
            "G10.T1.R4.TP1": { "barcode": [ "AGAGACAC" , "GTGTACTG" ], "output": [ "G10.T1.R4.TP1.R1.fastq.gz" , "G10.T1.R4.TP1.R2.fastq.gz" ] },
            "G3.T4.R3.TP2": { "barcode": [ "AGCAAGGT" , "GTGTACTG" ], "output": [ "G3.T4.R3.TP2.R1.fastq.gz" , "G3.T4.R3.TP2.R2.fastq.gz" ] },
            "G3.T1.R2.TP1": { "barcode": [ "CTTGCTTG" , "GTGTACTG" ], "output": [ "G3.T1.R2.TP1.R1.fastq.gz" , "G3.T1.R2.TP1.R2.fastq.gz" ] },
            "G1.T3.R4.TP1": { "barcode": [ "GGTAGCAA" , "GTGTACTG" ], "output": [ "G1.T3.R4.TP1.R1.fastq.gz" , "G1.T3.R4.TP1.R2.fastq.gz" ] },
            "G11.T2.R1.TP1": { "barcode": [ "AGAGACAC" , "TCTCAGAG" ], "output": [ "G11.T2.R1.TP1.R1.fastq.gz" , "G11.T2.R1.TP1.R2.fastq.gz" ] },
            "G3.T1.R1.TP1": { "barcode": [ "AGCAAGGT" , "TCTCAGAG" ], "output": [ "G3.T1.R1.TP1.R1.fastq.gz" , "G3.T1.R1.TP1.R2.fastq.gz" ] },
            "G5.T3.R1.TP1": { "barcode": [ "CTTGCTTG" , "TCTCAGAG" ], "output": [ "G5.T3.R1.TP1.R1.fastq.gz" , "G5.T3.R1.TP1.R2.fastq.gz" ] },
            "G7.T4.R1.TP1": { "barcode": [ "GGTAGCAA" , "TCTCAGAG" ], "output": [ "G7.T4.R1.TP1.R1.fastq.gz" , "G7.T4.R1.TP1.R2.fastq.gz" ] },
            "G7.T4.R5.TP1": { "barcode": [ "TCTCTCTC" , "GTGTACTG" ], "output": [ "G7.T4.R5.TP1.R1.fastq.gz" , "G7.T4.R5.TP1.R2.fastq.gz" ] },
            "G6.T4.R3.TP2": { "barcode": [ "CGAACGAA" , "GTGTACTG" ], "output": [ "G6.T4.R3.TP2.R1.fastq.gz" , "G6.T4.R3.TP2.R2.fastq.gz" ] },
            "G8.T1.R3.TP2": { "barcode": [ "CACAGTCA" , "GTGTACTG" ], "output": [ "G8.T1.R3.TP2.R1.fastq.gz" , "G8.T1.R3.TP2.R2.fastq.gz" ] },
            "G12.T3.R2.TP1": { "barcode": [ "AGGTCTAC" , "GTGTACTG" ], "output": [ "G12.T3.R2.TP1.R1.fastq.gz" , "G12.T3.R2.TP1.R2.fastq.gz" ] },
            "G3.T2.R2.TP1": { "barcode": [ "TCTCTCTC" , "TCTCAGAG" ], "output": [ "G3.T2.R2.TP1.R1.fastq.gz" , "G3.T2.R2.TP1.R2.fastq.gz" ] },
            "G8.T5.R3.TP1": { "barcode": [ "CGAACGAA" , "TCTCAGAG" ], "output": [ "G8.T5.R3.TP1.R1.fastq.gz" , "G8.T5.R3.TP1.R2.fastq.gz" ] },
            "G7.T3.R4.TP1": { "barcode": [ "CACAGTCA" , "TCTCAGAG" ], "output": [ "G7.T3.R4.TP1.R1.fastq.gz" , "G7.T3.R4.TP1.R2.fastq.gz" ] },
            "G2.T5.R5.TP1": { "barcode": [ "AGGTCTAC" , "TCTCAGAG" ], "output": [ "G2.T5.R5.TP1.R1.fastq.gz" , "G2.T5.R5.TP1.R2.fastq.gz" ] },
            "G5.T6.R2.TP2": { "barcode": [ "GTACTGGT" , "GTGTACTG" ], "output": [ "G5.T6.R2.TP2.R1.fastq.gz" , "G5.T6.R2.TP2.R2.fastq.gz" ] },
            "G9.T4.R3.TP1": { "barcode": [ "TGTCGACA" , "GTGTACTG" ], "output": [ "G9.T4.R3.TP1.R1.fastq.gz" , "G9.T4.R3.TP1.R2.fastq.gz" ] },
            "G10.T2.R2.TP1": { "barcode": [ "CAGTGAGA" , "GTGTACTG" ], "output": [ "G10.T2.R2.TP1.R1.fastq.gz" , "G10.T2.R2.TP1.R2.fastq.gz" ] },
            "G7.T6.R2.TP2": { "barcode": [ "GCATGGAA" , "GTGTACTG" ], "output": [ "G7.T6.R2.TP2.R1.fastq.gz" , "G7.T6.R2.TP2.R2.fastq.gz" ] },
            "G7.T3.R1.TP1": { "barcode": [ "GTACTGGT" , "TCTCAGAG" ], "output": [ "G7.T3.R1.TP1.R1.fastq.gz" , "G7.T3.R1.TP1.R2.fastq.gz" ] },
            "G2.T6.R1.TP1": { "barcode": [ "TGTCGACA" , "TCTCAGAG" ], "output": [ "G2.T6.R1.TP1.R1.fastq.gz" , "G2.T6.R1.TP1.R2.fastq.gz" ] },
            "G1.T5.R5.TP1": { "barcode": [ "CAGTGAGA" , "TCTCAGAG" ], "output": [ "G1.T5.R5.TP1.R1.fastq.gz" , "G1.T5.R5.TP1.R2.fastq.gz" ] },
            "G2.T4.R4.TP1": { "barcode": [ "GCATGGAA" , "TCTCAGAG" ], "output": [ "G2.T4.R4.TP1.R1.fastq.gz" , "G2.T4.R4.TP1.R2.fastq.gz" ] },
            "G5.T1.R4.TP1": { "barcode": [ "GCAACGTT" , "GTGTACTG" ], "output": [ "G5.T1.R4.TP1.R1.fastq.gz" , "G5.T1.R4.TP1.R2.fastq.gz" ] },
            "G5.T3.R4.TP1": { "barcode": [ "GACAGAGT" , "GTGTACTG" ], "output": [ "G5.T3.R4.TP1.R1.fastq.gz" , "G5.T3.R4.TP1.R2.fastq.gz" ] },
            "G12.T3.R4.TP1": { "barcode": [ "CTCTCACA" , "GTGTACTG" ], "output": [ "G12.T3.R4.TP1.R1.fastq.gz" , "G12.T3.R4.TP1.R2.fastq.gz" ] },
            "G10.T3.R2.TP1": { "barcode": [ "GTTGGTAC" , "GTGTACTG" ], "output": [ "G10.T3.R2.TP1.R1.fastq.gz" , "G10.T3.R2.TP1.R2.fastq.gz" ] },
            "G11.T4.R3.TP2": { "barcode": [ "GCAACGTT" , "TCTCAGAG" ], "output": [ "G11.T4.R3.TP2.R1.fastq.gz" , "G11.T4.R3.TP2.R2.fastq.gz" ] },
            "G4.T6.R3.TP1": { "barcode": [ "GACAGAGT" , "TCTCAGAG" ], "output": [ "G4.T6.R3.TP1.R1.fastq.gz" , "G4.T6.R3.TP1.R2.fastq.gz" ] },
            "G5.T4.R2.TP2": { "barcode": [ "CTCTCACA" , "TCTCAGAG" ], "output": [ "G5.T4.R2.TP2.R1.fastq.gz" , "G5.T4.R2.TP2.R2.fastq.gz" ] },
            "G3.T6.R5.TP1": { "barcode": [ "GTTGGTAC" , "TCTCAGAG" ], "output": [ "G3.T6.R5.TP1.R1.fastq.gz" , "G3.T6.R5.TP1.R2.fastq.gz" ] },
            "G8.T1.R5.TP2": { "barcode": [ "ATAAGCGG" , "GTGTACTG" ], "output": [ "G8.T1.R5.TP2.R1.fastq.gz" , "G8.T1.R5.TP2.R2.fastq.gz" ] },
            "G6.T2.R2.TP1": { "barcode": [ "GTGTCTCT" , "GTGTACTG" ], "output": [ "G6.T2.R2.TP1.R1.fastq.gz" , "G6.T2.R2.TP1.R2.fastq.gz" ] },
            "G9.T6.R5.TP1": { "barcode": [ "CTGTACTC" , "GTGTACTG" ], "output": [ "G9.T6.R5.TP1.R1.fastq.gz" , "G9.T6.R5.TP1.R2.fastq.gz" ] },
            "G3.T2.R4.TP2": { "barcode": [ "TGCACATG" , "GTGTACTG" ], "output": [ "G3.T2.R4.TP2.R1.fastq.gz" , "G3.T2.R4.TP2.R2.fastq.gz" ] },
            "G11.T3.R3.TP2": { "barcode": [ "ATAAGCGG" , "TCTCAGAG" ], "output": [ "G11.T3.R3.TP2.R1.fastq.gz" , "G11.T3.R3.TP2.R2.fastq.gz" ] },
            "G2.T2.R5.TP1": { "barcode": [ "GTGTCTCT" , "TCTCAGAG" ], "output": [ "G2.T2.R5.TP1.R1.fastq.gz" , "G2.T2.R5.TP1.R2.fastq.gz" ] },
            "G7.T5.R1.TP1": { "barcode": [ "CTGTACTC" , "TCTCAGAG" ], "output": [ "G7.T5.R1.TP1.R1.fastq.gz" , "G7.T5.R1.TP1.R2.fastq.gz" ] },
            "G5.T3.R1.TP2": { "barcode": [ "TGCACATG" , "TCTCAGAG" ], "output": [ "G5.T3.R1.TP2.R1.fastq.gz" , "G5.T3.R1.TP2.R2.fastq.gz" ] },
            "NEG.EXT.PL4A12": { "barcode": [ "TAGGAACG" , "GTGTACTG" ], "output": [ "NEG.EXT.PL4A12.R1.fastq.gz" , "NEG.EXT.PL4A12.R2.fastq.gz" ] },
            "G7.T5.R5.TP1": { "barcode": [ "TGGTTCCT" , "GTGTACTG" ], "output": [ "G7.T5.R5.TP1.R1.fastq.gz" , "G7.T5.R5.TP1.R2.fastq.gz" ] },
            "G3.T2.R3.TP1": { "barcode": [ "ATCCTAGG" , "GTGTACTG" ], "output": [ "G3.T2.R3.TP1.R1.fastq.gz" , "G3.T2.R3.TP1.R2.fastq.gz" ] },
            "G2.T3.R1.TP2": { "barcode": [ "CGTTCGTT" , "GTGTACTG" ], "output": [ "G2.T3.R1.TP2.R1.fastq.gz" , "G2.T3.R1.TP2.R2.fastq.gz" ] },
            "G2.T2.R2.TP1": { "barcode": [ "TAGGAACG" , "TCTCAGAG" ], "output": [ "G2.T2.R2.TP1.R1.fastq.gz" , "G2.T2.R2.TP1.R2.fastq.gz" ] },
            "G7.T3.R5.TP1": { "barcode": [ "TGGTTCCT" , "TCTCAGAG" ], "output": [ "G7.T3.R5.TP1.R1.fastq.gz" , "G7.T3.R5.TP1.R2.fastq.gz" ] },
            "G11.T3.R4.TP2": { "barcode": [ "ATCCTAGG" , "TCTCAGAG" ], "output": [ "G11.T3.R4.TP2.R1.fastq.gz" , "G11.T3.R4.TP2.R2.fastq.gz" ] },
            "NEG.PCR.PL4H12": { "barcode": [ "CGTTCGTT" , "TCTCAGAG" ], "output": [ "NEG.PCR.PL4H12.R1.fastq.gz" , "NEG.PCR.PL4H12.R2.fastq.gz" ] },
            "NEG.PCR.PL5A1": { "barcode": [ "AGAGACAC" , "TGGTGAAG" ], "output": [ "NEG.PCR.PL5A1.R1.fastq.gz" , "NEG.PCR.PL5A1.R2.fastq.gz" ] },
            "G8.T5.R1.TP2": { "barcode": [ "AGCAAGGT" , "TGGTGAAG" ], "output": [ "G8.T5.R1.TP2.R1.fastq.gz" , "G8.T5.R1.TP2.R2.fastq.gz" ] },
            "G4.T5.R4.TP2": { "barcode": [ "CTTGCTTG" , "TGGTGAAG" ], "output": [ "G4.T5.R4.TP2.R1.fastq.gz" , "G4.T5.R4.TP2.R2.fastq.gz" ] },
            "G2.T6.R5.TP2": { "barcode": [ "GGTAGCAA" , "TGGTGAAG" ], "output": [ "G2.T6.R5.TP2.R1.fastq.gz" , "G2.T6.R5.TP2.R2.fastq.gz" ] },
            "G4.T5.R5.TP1": { "barcode": [ "AGAGACAC" , "ACGATGCT" ], "output": [ "G4.T5.R5.TP1.R1.fastq.gz" , "G4.T5.R5.TP1.R2.fastq.gz" ] },
            "G8.T2.R5.TP2": { "barcode": [ "AGCAAGGT" , "ACGATGCT" ], "output": [ "G8.T2.R5.TP2.R1.fastq.gz" , "G8.T2.R5.TP2.R2.fastq.gz" ] },
            "G6.T3.R5.TP2": { "barcode": [ "CTTGCTTG" , "ACGATGCT" ], "output": [ "G6.T3.R5.TP2.R1.fastq.gz" , "G6.T3.R5.TP2.R2.fastq.gz" ] },
            "NEG.EXT.PL5H1": { "barcode": [ "GGTAGCAA" , "ACGATGCT" ], "output": [ "NEG.EXT.PL5H1.R1.fastq.gz" , "NEG.EXT.PL5H1.R2.fastq.gz" ] },
            "G8.T6.R3.TP2": { "barcode": [ "TCTCTCTC" , "TGGTGAAG" ], "output": [ "G8.T6.R3.TP2.R1.fastq.gz" , "G8.T6.R3.TP2.R2.fastq.gz" ] },
            "G6.T2.R1.TP2": { "barcode": [ "CGAACGAA" , "TGGTGAAG" ], "output": [ "G6.T2.R1.TP2.R1.fastq.gz" , "G6.T2.R1.TP2.R2.fastq.gz" ] },
            "G10.T3.R3.TP1": { "barcode": [ "CACAGTCA" , "TGGTGAAG" ], "output": [ "G10.T3.R3.TP1.R1.fastq.gz" , "G10.T3.R3.TP1.R2.fastq.gz" ] },
            "G12.T5.R4.TP2": { "barcode": [ "AGGTCTAC" , "TGGTGAAG" ], "output": [ "G12.T5.R4.TP2.R1.fastq.gz" , "G12.T5.R4.TP2.R2.fastq.gz" ] },
            "G10.T4.R4.TP2": { "barcode": [ "TCTCTCTC" , "ACGATGCT" ], "output": [ "G10.T4.R4.TP2.R1.fastq.gz" , "G10.T4.R4.TP2.R2.fastq.gz" ] },
            "G9.T3.R1.TP2": { "barcode": [ "CGAACGAA" , "ACGATGCT" ], "output": [ "G9.T3.R1.TP2.R1.fastq.gz" , "G9.T3.R1.TP2.R2.fastq.gz" ] },
            "G12.T6.R2.TP2": { "barcode": [ "CACAGTCA" , "ACGATGCT" ], "output": [ "G12.T6.R2.TP2.R1.fastq.gz" , "G12.T6.R2.TP2.R2.fastq.gz" ] },
            "G7.T5.R5.TP2": { "barcode": [ "AGGTCTAC" , "ACGATGCT" ], "output": [ "G7.T5.R5.TP2.R1.fastq.gz" , "G7.T5.R5.TP2.R2.fastq.gz" ] },
            "G10.T1.R2.TP2": { "barcode": [ "GTACTGGT" , "TGGTGAAG" ], "output": [ "G10.T1.R2.TP2.R1.fastq.gz" , "G10.T1.R2.TP2.R2.fastq.gz" ] },
            "G9.T5.R5.TP2": { "barcode": [ "TGTCGACA" , "TGGTGAAG" ], "output": [ "G9.T5.R5.TP2.R1.fastq.gz" , "G9.T5.R5.TP2.R2.fastq.gz" ] },
            "G11.T1.R3.TP2": { "barcode": [ "CAGTGAGA" , "TGGTGAAG" ], "output": [ "G11.T1.R3.TP2.R1.fastq.gz" , "G11.T1.R3.TP2.R2.fastq.gz" ] },
            "G1.T6.R4.TP2": { "barcode": [ "GCATGGAA" , "TGGTGAAG" ], "output": [ "G1.T6.R4.TP2.R1.fastq.gz" , "G1.T6.R4.TP2.R2.fastq.gz" ] },
            "G11.T2.R4.TP2": { "barcode": [ "GTACTGGT" , "ACGATGCT" ], "output": [ "G11.T2.R4.TP2.R1.fastq.gz" , "G11.T2.R4.TP2.R2.fastq.gz" ] },
            "G10.T1.R1.TP1": { "barcode": [ "TGTCGACA" , "ACGATGCT" ], "output": [ "G10.T1.R1.TP1.R1.fastq.gz" , "G10.T1.R1.TP1.R2.fastq.gz" ] },
            "G5.T1.R3.TP2": { "barcode": [ "CAGTGAGA" , "ACGATGCT" ], "output": [ "G5.T1.R3.TP2.R1.fastq.gz" , "G5.T1.R3.TP2.R2.fastq.gz" ] },
            "G11.T5.R3.TP2": { "barcode": [ "GCATGGAA" , "ACGATGCT" ], "output": [ "G11.T5.R3.TP2.R1.fastq.gz" , "G11.T5.R3.TP2.R2.fastq.gz" ] },
            "G10.T6.R2.TP2": { "barcode": [ "GCAACGTT" , "TGGTGAAG" ], "output": [ "G10.T6.R2.TP2.R1.fastq.gz" , "G10.T6.R2.TP2.R2.fastq.gz" ] },
            "G10.T3.R4.TP2": { "barcode": [ "GACAGAGT" , "TGGTGAAG" ], "output": [ "G10.T3.R4.TP2.R1.fastq.gz" , "G10.T3.R4.TP2.R2.fastq.gz" ] },
            "G12.T4.R1.TP2": { "barcode": [ "CTCTCACA" , "TGGTGAAG" ], "output": [ "G12.T4.R1.TP2.R1.fastq.gz" , "G12.T4.R1.TP2.R2.fastq.gz" ] },
            "G1.T1.R5.TP1": { "barcode": [ "GTTGGTAC" , "TGGTGAAG" ], "output": [ "G1.T1.R5.TP1.R1.fastq.gz" , "G1.T1.R5.TP1.R2.fastq.gz" ] },
            "G1.T3.R2.TP2": { "barcode": [ "GCAACGTT" , "ACGATGCT" ], "output": [ "G1.T3.R2.TP2.R1.fastq.gz" , "G1.T3.R2.TP2.R2.fastq.gz" ] },
            "G2.T6.R4.TP2": { "barcode": [ "GACAGAGT" , "ACGATGCT" ], "output": [ "G2.T6.R4.TP2.R1.fastq.gz" , "G2.T6.R4.TP2.R2.fastq.gz" ] },
            "G12.T2.R3.TP2": { "barcode": [ "CTCTCACA" , "ACGATGCT" ], "output": [ "G12.T2.R3.TP2.R1.fastq.gz" , "G12.T2.R3.TP2.R2.fastq.gz" ] },
            "G12.T4.R4.TP1": { "barcode": [ "GTTGGTAC" , "ACGATGCT" ], "output": [ "G12.T4.R4.TP1.R1.fastq.gz" , "G12.T4.R4.TP1.R2.fastq.gz" ] },
            "G9.T1.R2.TP2": { "barcode": [ "ATAAGCGG" , "TGGTGAAG" ], "output": [ "G9.T1.R2.TP2.R1.fastq.gz" , "G9.T1.R2.TP2.R2.fastq.gz" ] },
            "G10.T2.R4.TP2": { "barcode": [ "GTGTCTCT" , "TGGTGAAG" ], "output": [ "G10.T2.R4.TP2.R1.fastq.gz" , "G10.T2.R4.TP2.R2.fastq.gz" ] },
            "G2.T5.R2.TP2": { "barcode": [ "CTGTACTC" , "TGGTGAAG" ], "output": [ "G2.T5.R2.TP2.R1.fastq.gz" , "G2.T5.R2.TP2.R2.fastq.gz" ] },
            "G5.T6.R3.TP1": { "barcode": [ "TGCACATG" , "TGGTGAAG" ], "output": [ "G5.T6.R3.TP1.R1.fastq.gz" , "G5.T6.R3.TP1.R2.fastq.gz" ] },
            "G4.T4.R4.TP1": { "barcode": [ "ATAAGCGG" , "ACGATGCT" ], "output": [ "G4.T4.R4.TP1.R1.fastq.gz" , "G4.T4.R4.TP1.R2.fastq.gz" ] },
            "G6.T2.R3.TP2": { "barcode": [ "GTGTCTCT" , "ACGATGCT" ], "output": [ "G6.T2.R3.TP2.R1.fastq.gz" , "G6.T2.R3.TP2.R2.fastq.gz" ] },
            "G8.T1.R4.TP2": { "barcode": [ "CTGTACTC" , "ACGATGCT" ], "output": [ "G8.T1.R4.TP2.R1.fastq.gz" , "G8.T1.R4.TP2.R2.fastq.gz" ] },
            "G4.T3.R2.TP2": { "barcode": [ "TGCACATG" , "ACGATGCT" ], "output": [ "G4.T3.R2.TP2.R1.fastq.gz" , "G4.T3.R2.TP2.R2.fastq.gz" ] },
            "G5.T4.R3.TP2": { "barcode": [ "TAGGAACG" , "TGGTGAAG" ], "output": [ "G5.T4.R3.TP2.R1.fastq.gz" , "G5.T4.R3.TP2.R2.fastq.gz" ] },
            "G1.T6.R2.TP2": { "barcode": [ "ATCCTAGG" , "TGGTGAAG" ], "output": [ "G1.T6.R2.TP2.R1.fastq.gz" , "G1.T6.R2.TP2.R2.fastq.gz" ] },
            "G8.T3.R2.TP2": { "barcode": [ "CGTTCGTT" , "TGGTGAAG" ], "output": [ "G8.T3.R2.TP2.R1.fastq.gz" , "G8.T3.R2.TP2.R2.fastq.gz" ] },
            "G4.T6.R5.TP1": { "barcode": [ "TGGTTCCT" , "ACGATGCT" ], "output": [ "G4.T6.R5.TP1.R1.fastq.gz" , "G4.T6.R5.TP1.R2.fastq.gz" ] },
            "G8.T3.R5.TP2": { "barcode": [ "ATCCTAGG" , "ACGATGCT" ], "output": [ "G8.T3.R5.TP2.R1.fastq.gz" , "G8.T3.R5.TP2.R2.fastq.gz" ] },
            "G7.T3.R4.TP2": { "barcode": [ "CGTTCGTT" , "ACGATGCT" ], "output": [ "G7.T3.R4.TP2.R1.fastq.gz" , "G7.T3.R4.TP2.R2.fastq.gz" ] },
            "G11.T1.R3.TP1": { "barcode": [ "AGAGACAC" , "GACAACTC" ], "output": [ "G11.T1.R3.TP1.R1.fastq.gz" , "G11.T1.R3.TP1.R2.fastq.gz" ] },
            "G3.T2.R3.TP2": { "barcode": [ "AGCAAGGT" , "GACAACTC" ], "output": [ "G3.T2.R3.TP2.R1.fastq.gz" , "G3.T2.R3.TP2.R2.fastq.gz" ] },
            "G6.T6.R1.TP2": { "barcode": [ "CTTGCTTG" , "GACAACTC" ], "output": [ "G6.T6.R1.TP2.R1.fastq.gz" , "G6.T6.R1.TP2.R2.fastq.gz" ] },
            "G3.T6.R1.TP1": { "barcode": [ "GGTAGCAA" , "GACAACTC" ], "output": [ "G3.T6.R1.TP1.R1.fastq.gz" , "G3.T6.R1.TP1.R2.fastq.gz" ] },
            "G3.T1.R5.TP2": { "barcode": [ "AGAGACAC" , "CGCGATTA" ], "output": [ "G3.T1.R5.TP2.R1.fastq.gz" , "G3.T1.R5.TP2.R2.fastq.gz" ] },
            "G11.T1.R1.TP2": { "barcode": [ "AGCAAGGT" , "CGCGATTA" ], "output": [ "G11.T1.R1.TP2.R1.fastq.gz" , "G11.T1.R1.TP2.R2.fastq.gz" ] },
            "G8.T1.R1.TP2": { "barcode": [ "CTTGCTTG" , "CGCGATTA" ], "output": [ "G8.T1.R1.TP2.R1.fastq.gz" , "G8.T1.R1.TP2.R2.fastq.gz" ] },
            "G5.T5.R4.TP2": { "barcode": [ "GGTAGCAA" , "CGCGATTA" ], "output": [ "G5.T5.R4.TP2.R1.fastq.gz" , "G5.T5.R4.TP2.R2.fastq.gz" ] },
            "G7.T4.R3.TP2": { "barcode": [ "TCTCTCTC" , "GACAACTC" ], "output": [ "G7.T4.R3.TP2.R1.fastq.gz" , "G7.T4.R3.TP2.R2.fastq.gz" ] },
            "G9.T2.R1.TP1": { "barcode": [ "CGAACGAA" , "GACAACTC" ], "output": [ "G9.T2.R1.TP1.R1.fastq.gz" , "G9.T2.R1.TP1.R2.fastq.gz" ] },
            "G2.T3.R4.TP2": { "barcode": [ "CACAGTCA" , "GACAACTC" ], "output": [ "G2.T3.R4.TP2.R1.fastq.gz" , "G2.T3.R4.TP2.R2.fastq.gz" ] },
            "G6.T2.R2.TP2": { "barcode": [ "AGGTCTAC" , "GACAACTC" ], "output": [ "G6.T2.R2.TP2.R1.fastq.gz" , "G6.T2.R2.TP2.R2.fastq.gz" ] },
            "G9.T4.R1.TP1": { "barcode": [ "TCTCTCTC" , "CGCGATTA" ], "output": [ "G9.T4.R1.TP1.R1.fastq.gz" , "G9.T4.R1.TP1.R2.fastq.gz" ] },
            "G4.T1.R5.TP2": { "barcode": [ "CGAACGAA" , "CGCGATTA" ], "output": [ "G4.T1.R5.TP2.R1.fastq.gz" , "G4.T1.R5.TP2.R2.fastq.gz" ] },
            "G6.T4.R5.TP2": { "barcode": [ "CACAGTCA" , "CGCGATTA" ], "output": [ "G6.T4.R5.TP2.R1.fastq.gz" , "G6.T4.R5.TP2.R2.fastq.gz" ] },
            "G6.T2.R3.TP1": { "barcode": [ "AGGTCTAC" , "CGCGATTA" ], "output": [ "G6.T2.R3.TP1.R1.fastq.gz" , "G6.T2.R3.TP1.R2.fastq.gz" ] },
            "G8.T3.R5.TP1": { "barcode": [ "GTACTGGT" , "GACAACTC" ], "output": [ "G8.T3.R5.TP1.R1.fastq.gz" , "G8.T3.R5.TP1.R2.fastq.gz" ] },
            "G7.T1.R1.TP2": { "barcode": [ "TGTCGACA" , "GACAACTC" ], "output": [ "G7.T1.R1.TP2.R1.fastq.gz" , "G7.T1.R1.TP2.R2.fastq.gz" ] },
            "G4.T6.R4.TP1": { "barcode": [ "CAGTGAGA" , "GACAACTC" ], "output": [ "G4.T6.R4.TP1.R1.fastq.gz" , "G4.T6.R4.TP1.R2.fastq.gz" ] },
            "G2.T3.R4.TP1": { "barcode": [ "GCATGGAA" , "GACAACTC" ], "output": [ "G2.T3.R4.TP1.R1.fastq.gz" , "G2.T3.R4.TP1.R2.fastq.gz" ] },
            "G4.T2.R5.TP1": { "barcode": [ "GTACTGGT" , "CGCGATTA" ], "output": [ "G4.T2.R5.TP1.R1.fastq.gz" , "G4.T2.R5.TP1.R2.fastq.gz" ] },
            "G4.T3.R3.TP2": { "barcode": [ "TGTCGACA" , "CGCGATTA" ], "output": [ "G4.T3.R3.TP2.R1.fastq.gz" , "G4.T3.R3.TP2.R2.fastq.gz" ] },
            "G2.T4.R5.TP1": { "barcode": [ "CAGTGAGA" , "CGCGATTA" ], "output": [ "G2.T4.R5.TP1.R1.fastq.gz" , "G2.T4.R5.TP1.R2.fastq.gz" ] },
            "G6.T1.R1.TP2": { "barcode": [ "GCATGGAA" , "CGCGATTA" ], "output": [ "G6.T1.R1.TP2.R1.fastq.gz" , "G6.T1.R1.TP2.R2.fastq.gz" ] },
            "G7.T4.R3.TP1": { "barcode": [ "GCAACGTT" , "GACAACTC" ], "output": [ "G7.T4.R3.TP1.R1.fastq.gz" , "G7.T4.R3.TP1.R2.fastq.gz" ] },
            "G12.T5.R1.TP2": { "barcode": [ "GACAGAGT" , "GACAACTC" ], "output": [ "G12.T5.R1.TP2.R1.fastq.gz" , "G12.T5.R1.TP2.R2.fastq.gz" ] },
            "G2.T1.R1.TP2": { "barcode": [ "CTCTCACA" , "GACAACTC" ], "output": [ "G2.T1.R1.TP2.R1.fastq.gz" , "G2.T1.R1.TP2.R2.fastq.gz" ] },
            "G11.T4.R3.TP1": { "barcode": [ "GTTGGTAC" , "GACAACTC" ], "output": [ "G11.T4.R3.TP1.R1.fastq.gz" , "G11.T4.R3.TP1.R2.fastq.gz" ] },
            "G3.T6.R4.TP2": { "barcode": [ "GCAACGTT" , "CGCGATTA" ], "output": [ "G3.T6.R4.TP2.R1.fastq.gz" , "G3.T6.R4.TP2.R2.fastq.gz" ] },
            "G6.T2.R1.TP1": { "barcode": [ "GACAGAGT" , "CGCGATTA" ], "output": [ "G6.T2.R1.TP1.R1.fastq.gz" , "G6.T2.R1.TP1.R2.fastq.gz" ] },
            "G9.T5.R1.TP2": { "barcode": [ "CTCTCACA" , "CGCGATTA" ], "output": [ "G9.T5.R1.TP2.R1.fastq.gz" , "G9.T5.R1.TP2.R2.fastq.gz" ] },
            "G11.T4.R1.TP1": { "barcode": [ "GTTGGTAC" , "CGCGATTA" ], "output": [ "G11.T4.R1.TP1.R1.fastq.gz" , "G11.T4.R1.TP1.R2.fastq.gz" ] },
            "G12.T1.R4.TP2": { "barcode": [ "ATAAGCGG" , "GACAACTC" ], "output": [ "G12.T1.R4.TP2.R1.fastq.gz" , "G12.T1.R4.TP2.R2.fastq.gz" ] },
            "G1.T6.R5.TP2": { "barcode": [ "GTGTCTCT" , "GACAACTC" ], "output": [ "G1.T6.R5.TP2.R1.fastq.gz" , "G1.T6.R5.TP2.R2.fastq.gz" ] },
            "G12.T5.R2.TP1": { "barcode": [ "CTGTACTC" , "GACAACTC" ], "output": [ "G12.T5.R2.TP1.R1.fastq.gz" , "G12.T5.R2.TP1.R2.fastq.gz" ] },
            "G7.T5.R1.TP2": { "barcode": [ "TGCACATG" , "GACAACTC" ], "output": [ "G7.T5.R1.TP2.R1.fastq.gz" , "G7.T5.R1.TP2.R2.fastq.gz" ] },
            "G4.T5.R1.TP2": { "barcode": [ "ATAAGCGG" , "CGCGATTA" ], "output": [ "G4.T5.R1.TP2.R1.fastq.gz" , "G4.T5.R1.TP2.R2.fastq.gz" ] },
            "G9.T6.R3.TP2": { "barcode": [ "GTGTCTCT" , "CGCGATTA" ], "output": [ "G9.T6.R3.TP2.R1.fastq.gz" , "G9.T6.R3.TP2.R2.fastq.gz" ] },
            "G9.T6.R1.TP2": { "barcode": [ "CTGTACTC" , "CGCGATTA" ], "output": [ "G9.T6.R1.TP2.R1.fastq.gz" , "G9.T6.R1.TP2.R2.fastq.gz" ] },
            "G1.T5.R1.TP2": { "barcode": [ "TGCACATG" , "CGCGATTA" ], "output": [ "G1.T5.R1.TP2.R1.fastq.gz" , "G1.T5.R1.TP2.R2.fastq.gz" ] },
            "NEG.EXT.PL5A12": { "barcode": [ "TAGGAACG" , "GACAACTC" ], "output": [ "NEG.EXT.PL5A12.R1.fastq.gz" , "NEG.EXT.PL5A12.R2.fastq.gz" ] },
            "G10.T6.R3.TP2": { "barcode": [ "TGGTTCCT" , "GACAACTC" ], "output": [ "G10.T6.R3.TP2.R1.fastq.gz" , "G10.T6.R3.TP2.R2.fastq.gz" ] },
            "G2.T5.R5.TP2": { "barcode": [ "ATCCTAGG" , "GACAACTC" ], "output": [ "G2.T5.R5.TP2.R1.fastq.gz" , "G2.T5.R5.TP2.R2.fastq.gz" ] },
            "G9.T2.R2.TP2": { "barcode": [ "CGTTCGTT" , "GACAACTC" ], "output": [ "G9.T2.R2.TP2.R1.fastq.gz" , "G9.T2.R2.TP2.R2.fastq.gz" ] },
            "G7.T3.R1.TP2": { "barcode": [ "TAGGAACG" , "CGCGATTA" ], "output": [ "G7.T3.R1.TP2.R1.fastq.gz" , "G7.T3.R1.TP2.R2.fastq.gz" ] },
            "G8.T3.R3.TP2": { "barcode": [ "TGGTTCCT" , "CGCGATTA" ], "output": [ "G8.T3.R3.TP2.R1.fastq.gz" , "G8.T3.R3.TP2.R2.fastq.gz" ] },
            "G4.T2.R1.TP2": { "barcode": [ "ATCCTAGG" , "CGCGATTA" ], "output": [ "G4.T2.R1.TP2.R1.fastq.gz" , "G4.T2.R1.TP2.R2.fastq.gz" ] },
            "NEG.PCR.PL5H12": { "barcode": [ "CGTTCGTT" , "CGCGATTA" ], "output": [ "NEG.PCR.PL5H12.R1.fastq.gz" , "NEG.PCR.PL5H12.R2.fastq.gz" ] },
            "NEG.PCR.PL6A1": { "barcode": [ "AGAGACAC" , "GGCCATAT" ], "output": [ "NEG.PCR.PL6A1.R1.fastq.gz" , "NEG.PCR.PL6A1.R2.fastq.gz" ] },
            "G3.T1.R2.TP2": { "barcode": [ "AGCAAGGT" , "GGCCATAT" ], "output": [ "G3.T1.R2.TP2.R1.fastq.gz" , "G3.T1.R2.TP2.R2.fastq.gz" ] },
            "G4.T3.R4.TP2": { "barcode": [ "CTTGCTTG" , "GGCCATAT" ], "output": [ "G4.T3.R4.TP2.R1.fastq.gz" , "G4.T3.R4.TP2.R2.fastq.gz" ] },
            "G1.T4.R2.TP1": { "barcode": [ "GGTAGCAA" , "GGCCATAT" ], "output": [ "G1.T4.R2.TP1.R1.fastq.gz" , "G1.T4.R2.TP1.R2.fastq.gz" ] },
            "G2.T3.R5.TP2": { "barcode": [ "AGAGACAC" , "CTTGTCCA" ], "output": [ "G2.T3.R5.TP2.R1.fastq.gz" , "G2.T3.R5.TP2.R2.fastq.gz" ] },
            "G7.T4.R1.TP2": { "barcode": [ "AGCAAGGT" , "CTTGTCCA" ], "output": [ "G7.T4.R1.TP2.R1.fastq.gz" , "G7.T4.R1.TP2.R2.fastq.gz" ] },
            "G3.T2.R1.TP2": { "barcode": [ "CTTGCTTG" , "CTTGTCCA" ], "output": [ "G3.T2.R1.TP2.R1.fastq.gz" , "G3.T2.R1.TP2.R2.fastq.gz" ] },
            "NEG.EXT.PL6H1": { "barcode": [ "GGTAGCAA" , "CTTGTCCA" ], "output": [ "NEG.EXT.PL6H1.R1.fastq.gz" , "NEG.EXT.PL6H1.R2.fastq.gz" ] },
            "G6.T4.R4.TP1": { "barcode": [ "TCTCTCTC" , "GGCCATAT" ], "output": [ "G6.T4.R4.TP1.R1.fastq.gz" , "G6.T4.R4.TP1.R2.fastq.gz" ] },
            "G4.T2.R2.TP1": { "barcode": [ "CGAACGAA" , "GGCCATAT" ], "output": [ "G4.T2.R2.TP1.R1.fastq.gz" , "G4.T2.R2.TP1.R2.fastq.gz" ] },
            "G12.T1.R3.TP2": { "barcode": [ "CACAGTCA" , "GGCCATAT" ], "output": [ "G12.T1.R3.TP2.R1.fastq.gz" , "G12.T1.R3.TP2.R2.fastq.gz" ] },
            "G6.T4.R2.TP2": { "barcode": [ "AGGTCTAC" , "GGCCATAT" ], "output": [ "G6.T4.R2.TP2.R1.fastq.gz" , "G6.T4.R2.TP2.R2.fastq.gz" ] },
            "G11.T4.R4.TP1": { "barcode": [ "TCTCTCTC" , "CTTGTCCA" ], "output": [ "G11.T4.R4.TP1.R1.fastq.gz" , "G11.T4.R4.TP1.R2.fastq.gz" ] },
            "G1.T2.R2.TP1": { "barcode": [ "CGAACGAA" , "CTTGTCCA" ], "output": [ "G1.T2.R2.TP1.R1.fastq.gz" , "G1.T2.R2.TP1.R2.fastq.gz" ] },
            "G11.T3.R2.TP2": { "barcode": [ "CACAGTCA" , "CTTGTCCA" ], "output": [ "G11.T3.R2.TP2.R1.fastq.gz" , "G11.T3.R2.TP2.R2.fastq.gz" ] },
            "G2.T5.R1.TP2": { "barcode": [ "AGGTCTAC" , "CTTGTCCA" ], "output": [ "G2.T5.R1.TP2.R1.fastq.gz" , "G2.T5.R1.TP2.R2.fastq.gz" ] },
            "G8.T1.R1.TP1": { "barcode": [ "GTACTGGT" , "GGCCATAT" ], "output": [ "G8.T1.R1.TP1.R1.fastq.gz" , "G8.T1.R1.TP1.R2.fastq.gz" ] },
            "G1.T1.R2.TP1": { "barcode": [ "TGTCGACA" , "GGCCATAT" ], "output": [ "G1.T1.R2.TP1.R1.fastq.gz" , "G1.T1.R2.TP1.R2.fastq.gz" ] },
            "G4.T5.R3.TP1": { "barcode": [ "CAGTGAGA" , "GGCCATAT" ], "output": [ "G4.T5.R3.TP1.R1.fastq.gz" , "G4.T5.R3.TP1.R2.fastq.gz" ] },
            "G3.T1.R5.TP1": { "barcode": [ "GCATGGAA" , "GGCCATAT" ], "output": [ "G3.T1.R5.TP1.R1.fastq.gz" , "G3.T1.R5.TP1.R2.fastq.gz" ] },
            "G7.T6.R4.TP2": { "barcode": [ "GTACTGGT" , "CTTGTCCA" ], "output": [ "G7.T6.R4.TP2.R1.fastq.gz" , "G7.T6.R4.TP2.R2.fastq.gz" ] },
            "G3.T5.R3.TP2": { "barcode": [ "TGTCGACA" , "CTTGTCCA" ], "output": [ "G3.T5.R3.TP2.R1.fastq.gz" , "G3.T5.R3.TP2.R2.fastq.gz" ] },
            "G1.T3.R2.TP1": { "barcode": [ "CAGTGAGA" , "CTTGTCCA" ], "output": [ "G1.T3.R2.TP1.R1.fastq.gz" , "G1.T3.R2.TP1.R2.fastq.gz" ] },
            "G9.T4.R1.TP2": { "barcode": [ "GCATGGAA" , "CTTGTCCA" ], "output": [ "G9.T4.R1.TP2.R1.fastq.gz" , "G9.T4.R1.TP2.R2.fastq.gz" ] },
            "G12.T2.R2.TP2": { "barcode": [ "GCAACGTT" , "GGCCATAT" ], "output": [ "G12.T2.R2.TP2.R1.fastq.gz" , "G12.T2.R2.TP2.R2.fastq.gz" ] },
            "G6.T3.R1.TP1": { "barcode": [ "GACAGAGT" , "GGCCATAT" ], "output": [ "G6.T3.R1.TP1.R1.fastq.gz" , "G6.T3.R1.TP1.R2.fastq.gz" ] },
            "G4.T5.R3.TP2": { "barcode": [ "CTCTCACA" , "GGCCATAT" ], "output": [ "G4.T5.R3.TP2.R1.fastq.gz" , "G4.T5.R3.TP2.R2.fastq.gz" ] },
            "G12.T6.R4.TP1": { "barcode": [ "GTTGGTAC" , "GGCCATAT" ], "output": [ "G12.T6.R4.TP1.R1.fastq.gz" , "G12.T6.R4.TP1.R2.fastq.gz" ] },
            "G12.T5.R3.TP2": { "barcode": [ "GCAACGTT" , "CTTGTCCA" ], "output": [ "G12.T5.R3.TP2.R1.fastq.gz" , "G12.T5.R3.TP2.R2.fastq.gz" ] },
            "G2.T2.R1.TP2": { "barcode": [ "GACAGAGT" , "CTTGTCCA" ], "output": [ "G2.T2.R1.TP2.R1.fastq.gz" , "G2.T2.R1.TP2.R2.fastq.gz" ] },
            "G8.T2.R3.TP2": { "barcode": [ "CTCTCACA" , "CTTGTCCA" ], "output": [ "G8.T2.R3.TP2.R1.fastq.gz" , "G8.T2.R3.TP2.R2.fastq.gz" ] },
            "G12.T3.R2.TP2": { "barcode": [ "GTTGGTAC" , "CTTGTCCA" ], "output": [ "G12.T3.R2.TP2.R1.fastq.gz" , "G12.T3.R2.TP2.R2.fastq.gz" ] },
            "G6.T3.R2.TP1": { "barcode": [ "ATAAGCGG" , "GGCCATAT" ], "output": [ "G6.T3.R2.TP1.R1.fastq.gz" , "G6.T3.R2.TP1.R2.fastq.gz" ] },
            "G8.T5.R5.TP2": { "barcode": [ "GTGTCTCT" , "GGCCATAT" ], "output": [ "G8.T5.R5.TP2.R1.fastq.gz" , "G8.T5.R5.TP2.R2.fastq.gz" ] },
            "G1.T5.R2.TP2": { "barcode": [ "CTGTACTC" , "GGCCATAT" ], "output": [ "G1.T5.R2.TP2.R1.fastq.gz" , "G1.T5.R2.TP2.R2.fastq.gz" ] },
            "G4.T1.R1.TP2": { "barcode": [ "TGCACATG" , "GGCCATAT" ], "output": [ "G4.T1.R1.TP2.R1.fastq.gz" , "G4.T1.R1.TP2.R2.fastq.gz" ] },
            "G8.T3.R1.TP1": { "barcode": [ "ATAAGCGG" , "CTTGTCCA" ], "output": [ "G8.T3.R1.TP1.R1.fastq.gz" , "G8.T3.R1.TP1.R2.fastq.gz" ] },
            "G12.T5.R4.TP1": { "barcode": [ "GTGTCTCT" , "CTTGTCCA" ], "output": [ "G12.T5.R4.TP1.R1.fastq.gz" , "G12.T5.R4.TP1.R2.fastq.gz" ] },
            "G6.T4.R1.TP2": { "barcode": [ "CTGTACTC" , "CTTGTCCA" ], "output": [ "G6.T4.R1.TP2.R1.fastq.gz" , "G6.T4.R1.TP2.R2.fastq.gz" ] },
            "G12.T3.R3.TP2": { "barcode": [ "TGCACATG" , "CTTGTCCA" ], "output": [ "G12.T3.R3.TP2.R1.fastq.gz" , "G12.T3.R3.TP2.R2.fastq.gz" ] },
            "G5.T1.R1.TP1": { "barcode": [ "TAGGAACG" , "GGCCATAT" ], "output": [ "G5.T1.R1.TP1.R1.fastq.gz" , "G5.T1.R1.TP1.R2.fastq.gz" ] },
            "G1.T1.R1.TP2": { "barcode": [ "TGGTTCCT" , "GGCCATAT" ], "output": [ "G1.T1.R1.TP2.R1.fastq.gz" , "G1.T1.R1.TP2.R2.fastq.gz" ] },
            "G5.T6.R4.TP2": { "barcode": [ "ATCCTAGG" , "GGCCATAT" ], "output": [ "G5.T6.R4.TP2.R1.fastq.gz" , "G5.T6.R4.TP2.R2.fastq.gz" ] },
            "G2.T5.R1.TP1": { "barcode": [ "CGTTCGTT" , "GGCCATAT" ], "output": [ "G2.T5.R1.TP1.R1.fastq.gz" , "G2.T5.R1.TP1.R2.fastq.gz" ] },
            "G9.T6.R5.TP2": { "barcode": [ "TAGGAACG" , "CTTGTCCA" ], "output": [ "G9.T6.R5.TP2.R1.fastq.gz" , "G9.T6.R5.TP2.R2.fastq.gz" ] },
            "G10.T6.R1.TP2": { "barcode": [ "TGGTTCCT" , "CTTGTCCA" ], "output": [ "G10.T6.R1.TP2.R1.fastq.gz" , "G10.T6.R1.TP2.R2.fastq.gz" ] },
            "G9.T4.R4.TP2": { "barcode": [ "ATCCTAGG" , "CTTGTCCA" ], "output": [ "G9.T4.R4.TP2.R1.fastq.gz" , "G9.T4.R4.TP2.R2.fastq.gz" ] },
            "G5.T4.R1.TP1": { "barcode": [ "CGTTCGTT" , "CTTGTCCA" ], "output": [ "G5.T4.R1.TP1.R1.fastq.gz" , "G5.T4.R1.TP1.R2.fastq.gz" ] },
            "G7.T3.R5.TP2": { "barcode": [ "AGAGACAC" , "TAGGCGTT" ], "output": [ "G7.T3.R5.TP2.R1.fastq.gz" , "G7.T3.R5.TP2.R2.fastq.gz" ] },
            "G11.T4.R2.TP2": { "barcode": [ "AGCAAGGT" , "TAGGCGTT" ], "output": [ "G11.T4.R2.TP2.R1.fastq.gz" , "G11.T4.R2.TP2.R2.fastq.gz" ] },
            "G3.T5.R1.TP1": { "barcode": [ "CTTGCTTG" , "TAGGCGTT" ], "output": [ "G3.T5.R1.TP1.R1.fastq.gz" , "G3.T5.R1.TP1.R2.fastq.gz" ] },
            "G8.T2.R2.TP2": { "barcode": [ "GGTAGCAA" , "TAGGCGTT" ], "output": [ "G8.T2.R2.TP2.R1.fastq.gz" , "G8.T2.R2.TP2.R2.fastq.gz" ] },
            "G8.T2.R4.TP2": { "barcode": [ "AGAGACAC" , "ACGAGAAC" ], "output": [ "G8.T2.R4.TP2.R1.fastq.gz" , "G8.T2.R4.TP2.R2.fastq.gz" ] },
            "G2.T6.R5.TP1": { "barcode": [ "AGCAAGGT" , "ACGAGAAC" ], "output": [ "G2.T6.R5.TP1.R1.fastq.gz" , "G2.T6.R5.TP1.R2.fastq.gz" ] },
            "G9.T3.R5.TP2": { "barcode": [ "CTTGCTTG" , "ACGAGAAC" ], "output": [ "G9.T3.R5.TP2.R1.fastq.gz" , "G9.T3.R5.TP2.R2.fastq.gz" ] },
            "G4.T6.R1.TP2": { "barcode": [ "GGTAGCAA" , "ACGAGAAC" ], "output": [ "G4.T6.R1.TP2.R1.fastq.gz" , "G4.T6.R1.TP2.R2.fastq.gz" ] },
            "G8.T6.R1.TP2": { "barcode": [ "TCTCTCTC" , "TAGGCGTT" ], "output": [ "G8.T6.R1.TP2.R1.fastq.gz" , "G8.T6.R1.TP2.R2.fastq.gz" ] },
            "G9.T2.R4.TP2": { "barcode": [ "CGAACGAA" , "TAGGCGTT" ], "output": [ "G9.T2.R4.TP2.R1.fastq.gz" , "G9.T2.R4.TP2.R2.fastq.gz" ] },
            "G1.T1.R4.TP1": { "barcode": [ "CACAGTCA" , "TAGGCGTT" ], "output": [ "G1.T1.R4.TP1.R1.fastq.gz" , "G1.T1.R4.TP1.R2.fastq.gz" ] },
            "G11.T5.R3.TP1": { "barcode": [ "AGGTCTAC" , "TAGGCGTT" ], "output": [ "G11.T5.R3.TP1.R1.fastq.gz" , "G11.T5.R3.TP1.R2.fastq.gz" ] },
            "G8.T4.R5.TP1": { "barcode": [ "TCTCTCTC" , "ACGAGAAC" ], "output": [ "G8.T4.R5.TP1.R1.fastq.gz" , "G8.T4.R5.TP1.R2.fastq.gz" ] },
            "G2.T1.R5.TP2": { "barcode": [ "CGAACGAA" , "ACGAGAAC" ], "output": [ "G2.T1.R5.TP2.R1.fastq.gz" , "G2.T1.R5.TP2.R2.fastq.gz" ] },
            "G3.T1.R1.TP2": { "barcode": [ "CACAGTCA" , "ACGAGAAC" ], "output": [ "G3.T1.R1.TP2.R1.fastq.gz" , "G3.T1.R1.TP2.R2.fastq.gz" ] },
            "G4.T1.R4.TP2": { "barcode": [ "AGGTCTAC" , "ACGAGAAC" ], "output": [ "G4.T1.R4.TP2.R1.fastq.gz" , "G4.T1.R4.TP2.R2.fastq.gz" ] },
            "G4.T2.R2.TP2": { "barcode": [ "CAGTGAGA" , "TAGGCGTT" ], "output": [ "G4.T2.R2.TP2.R1.fastq.gz" , "G4.T2.R2.TP2.R2.fastq.gz" ] },
            "G2.T4.R4.TP2": { "barcode": [ "GCATGGAA" , "TAGGCGTT" ], "output": [ "G2.T4.R4.TP2.R1.fastq.gz" , "G2.T4.R4.TP2.R2.fastq.gz" ] },
            "G5.T6.R1.TP2": { "barcode": [ "GTACTGGT" , "ACGAGAAC" ], "output": [ "G5.T6.R1.TP2.R1.fastq.gz" , "G5.T6.R1.TP2.R2.fastq.gz" ] },
            "G5.T3.R3.TP2": { "barcode": [ "TGTCGACA" , "ACGAGAAC" ], "output": [ "G5.T3.R3.TP2.R1.fastq.gz" , "G5.T3.R3.TP2.R2.fastq.gz" ] },
            "G1.T5.R5.TP2": { "barcode": [ "CAGTGAGA" , "ACGAGAAC" ], "output": [ "G1.T5.R5.TP2.R1.fastq.gz" , "G1.T5.R5.TP2.R2.fastq.gz" ] },
            "G10.T5.R2.TP2": { "barcode": [ "GCATGGAA" , "ACGAGAAC" ], "output": [ "G10.T5.R2.TP2.R1.fastq.gz" , "G10.T5.R2.TP2.R2.fastq.gz" ] },
            "G6.T3.R5.TP1": { "barcode": [ "GCAACGTT" , "TAGGCGTT" ], "output": [ "G6.T3.R5.TP1.R1.fastq.gz" , "G6.T3.R5.TP1.R2.fastq.gz" ] },
            "G9.T5.R1.TP1": { "barcode": [ "GACAGAGT" , "TAGGCGTT" ], "output": [ "G9.T5.R1.TP1.R1.fastq.gz" , "G9.T5.R1.TP1.R2.fastq.gz" ] },
            "G4.T2.R4.TP1": { "barcode": [ "CTCTCACA" , "TAGGCGTT" ], "output": [ "G4.T2.R4.TP1.R1.fastq.gz" , "G4.T2.R4.TP1.R2.fastq.gz" ] },
            "G9.T6.R4.TP2": { "barcode": [ "GTTGGTAC" , "TAGGCGTT" ], "output": [ "G9.T6.R4.TP2.R1.fastq.gz" , "G9.T6.R4.TP2.R2.fastq.gz" ] },
            "G6.T5.R5.TP2": { "barcode": [ "GCAACGTT" , "ACGAGAAC" ], "output": [ "G6.T5.R5.TP2.R1.fastq.gz" , "G6.T5.R5.TP2.R2.fastq.gz" ] },
            "G9.T6.R3.TP1": { "barcode": [ "GACAGAGT" , "ACGAGAAC" ], "output": [ "G9.T6.R3.TP1.R1.fastq.gz" , "G9.T6.R3.TP1.R2.fastq.gz" ] },
            "G12.T2.R4.TP2": { "barcode": [ "CTCTCACA" , "ACGAGAAC" ], "output": [ "G12.T2.R4.TP2.R1.fastq.gz" , "G12.T2.R4.TP2.R2.fastq.gz" ] },
            "G1.T2.R1.TP1": { "barcode": [ "GTTGGTAC" , "ACGAGAAC" ], "output": [ "G1.T2.R1.TP1.R1.fastq.gz" , "G1.T2.R1.TP1.R2.fastq.gz" ] },
            "G1.T3.R5.TP1": { "barcode": [ "ATAAGCGG" , "TAGGCGTT" ], "output": [ "G1.T3.R5.TP1.R1.fastq.gz" , "G1.T3.R5.TP1.R2.fastq.gz" ] },
            "G3.T4.R5.TP2": { "barcode": [ "GTGTCTCT" , "TAGGCGTT" ], "output": [ "G3.T4.R5.TP2.R1.fastq.gz" , "G3.T4.R5.TP2.R2.fastq.gz" ] },
            "G1.T3.R1.TP2": { "barcode": [ "CTGTACTC" , "TAGGCGTT" ], "output": [ "G1.T3.R1.TP2.R1.fastq.gz" , "G1.T3.R1.TP2.R2.fastq.gz" ] },
            "G2.T4.R5.TP2": { "barcode": [ "TGCACATG" , "TAGGCGTT" ], "output": [ "G2.T4.R5.TP2.R1.fastq.gz" , "G2.T4.R5.TP2.R2.fastq.gz" ] },
            "G5.T6.R3.TP2": { "barcode": [ "ATAAGCGG" , "ACGAGAAC" ], "output": [ "G5.T6.R3.TP2.R1.fastq.gz" , "G5.T6.R3.TP2.R2.fastq.gz" ] },
            "G9.T5.R2.TP2": { "barcode": [ "GTGTCTCT" , "ACGAGAAC" ], "output": [ "G9.T5.R2.TP2.R1.fastq.gz" , "G9.T5.R2.TP2.R2.fastq.gz" ] },
            "G10.T2.R2.TP2": { "barcode": [ "CTGTACTC" , "ACGAGAAC" ], "output": [ "G10.T2.R2.TP2.R1.fastq.gz" , "G10.T2.R2.TP2.R2.fastq.gz" ] },
            "G12.T6.R1.TP2": { "barcode": [ "TGCACATG" , "ACGAGAAC" ], "output": [ "G12.T6.R1.TP2.R1.fastq.gz" , "G12.T6.R1.TP2.R2.fastq.gz" ] },
            "NEG.EXT.PL6A12": { "barcode": [ "TAGGAACG" , "TAGGCGTT" ], "output": [ "NEG.EXT.PL6A12.R1.fastq.gz" , "NEG.EXT.PL6A12.R2.fastq.gz" ] },
            "G10.T5.R3.TP1": { "barcode": [ "TGGTTCCT" , "TAGGCGTT" ], "output": [ "G10.T5.R3.TP1.R1.fastq.gz" , "G10.T5.R3.TP1.R2.fastq.gz" ] },
            "G8.T5.R2.TP1": { "barcode": [ "ATCCTAGG" , "TAGGCGTT" ], "output": [ "G8.T5.R2.TP1.R1.fastq.gz" , "G8.T5.R2.TP1.R2.fastq.gz" ] },
            "G6.T3.R1.TP2": { "barcode": [ "CGTTCGTT" , "TAGGCGTT" ], "output": [ "G6.T3.R1.TP2.R1.fastq.gz" , "G6.T3.R1.TP2.R2.fastq.gz" ] },
            "G11.T6.R1.TP2": { "barcode": [ "TAGGAACG" , "ACGAGAAC" ], "output": [ "G11.T6.R1.TP2.R1.fastq.gz" , "G11.T6.R1.TP2.R2.fastq.gz" ] },
            "G5.T3.R4.TP2": { "barcode": [ "TGGTTCCT" , "ACGAGAAC" ], "output": [ "G5.T3.R4.TP2.R1.fastq.gz" , "G5.T3.R4.TP2.R2.fastq.gz" ] },
            "G3.T3.R1.TP2": { "barcode": [ "ATCCTAGG" , "ACGAGAAC" ], "output": [ "G3.T3.R1.TP2.R1.fastq.gz" , "G3.T3.R1.TP2.R2.fastq.gz" ] },
            "NEG.PCR.PL6H12": { "barcode": [ "CGTTCGTT" , "ACGAGAAC" ], "output": [ "NEG.PCR.PL6H12.R1.fastq.gz" , "NEG.PCR.PL6H12.R2.fastq.gz" ] },
            "NEG.PCR.PL7A1": { "barcode": [ "AGAGACAC" , "TCGTAGCA" ], "output": [ "NEG.PCR.PL7A1.R1.fastq.gz" , "NEG.PCR.PL7A1.R2.fastq.gz" ] },
            "G9.T3.R3.TP2": { "barcode": [ "AGCAAGGT" , "TCGTAGCA" ], "output": [ "G9.T3.R3.TP2.R1.fastq.gz" , "G9.T3.R3.TP2.R2.fastq.gz" ] },
            "G5.T2.R2.TP1": { "barcode": [ "CTTGCTTG" , "TCGTAGCA" ], "output": [ "G5.T2.R2.TP1.R1.fastq.gz" , "G5.T2.R2.TP1.R2.fastq.gz" ] },
            "G12.T1.R3.TP1": { "barcode": [ "GGTAGCAA" , "TCGTAGCA" ], "output": [ "G12.T1.R3.TP1.R1.fastq.gz" , "G12.T1.R3.TP1.R2.fastq.gz" ] },
            "G12.T4.R4.TP2": { "barcode": [ "AGAGACAC" , "GTAGCTTG" ], "output": [ "G12.T4.R4.TP2.R1.fastq.gz" , "G12.T4.R4.TP2.R2.fastq.gz" ] },
            "G7.T3.R2.TP2": { "barcode": [ "AGCAAGGT" , "GTAGCTTG" ], "output": [ "G7.T3.R2.TP2.R1.fastq.gz" , "G7.T3.R2.TP2.R2.fastq.gz" ] },
            "G7.T4.R5.TP2": { "barcode": [ "CTTGCTTG" , "GTAGCTTG" ], "output": [ "G7.T4.R5.TP2.R1.fastq.gz" , "G7.T4.R5.TP2.R2.fastq.gz" ] },
            "NEG.EXT.PL7H1": { "barcode": [ "GGTAGCAA" , "GTAGCTTG" ], "output": [ "NEG.EXT.PL7H1.R1.fastq.gz" , "NEG.EXT.PL7H1.R2.fastq.gz" ] },
            "G6.T5.R1.TP2": { "barcode": [ "TCTCTCTC" , "TCGTAGCA" ], "output": [ "G6.T5.R1.TP2.R1.fastq.gz" , "G6.T5.R1.TP2.R2.fastq.gz" ] },
            "G8.T4.R5.TP2": { "barcode": [ "CGAACGAA" , "TCGTAGCA" ], "output": [ "G8.T4.R5.TP2.R1.fastq.gz" , "G8.T4.R5.TP2.R2.fastq.gz" ] },
            "G5.T5.R1.TP2": { "barcode": [ "CACAGTCA" , "TCGTAGCA" ], "output": [ "G5.T5.R1.TP2.R1.fastq.gz" , "G5.T5.R1.TP2.R2.fastq.gz" ] },
            "G7.T1.R5.TP2": { "barcode": [ "AGGTCTAC" , "TCGTAGCA" ], "output": [ "G7.T1.R5.TP2.R1.fastq.gz" , "G7.T1.R5.TP2.R2.fastq.gz" ] },
            "G7.T1.R1.TP1": { "barcode": [ "TCTCTCTC" , "GTAGCTTG" ], "output": [ "G7.T1.R1.TP1.R1.fastq.gz" , "G7.T1.R1.TP1.R2.fastq.gz" ] },
            "G1.T3.R4.TP2": { "barcode": [ "CGAACGAA" , "GTAGCTTG" ], "output": [ "G1.T3.R4.TP2.R1.fastq.gz" , "G1.T3.R4.TP2.R2.fastq.gz" ] },
            "G4.T6.R3.TP2": { "barcode": [ "CACAGTCA" , "GTAGCTTG" ], "output": [ "G4.T6.R3.TP2.R1.fastq.gz" , "G4.T6.R3.TP2.R2.fastq.gz" ] },
            "G2.T6.R2.TP2": { "barcode": [ "AGGTCTAC" , "GTAGCTTG" ], "output": [ "G2.T6.R2.TP2.R1.fastq.gz" , "G2.T6.R2.TP2.R2.fastq.gz" ] },
            "G1.T4.R4.TP2": { "barcode": [ "GTACTGGT" , "TCGTAGCA" ], "output": [ "G1.T4.R4.TP2.R1.fastq.gz" , "G1.T4.R4.TP2.R2.fastq.gz" ] },
            "G11.T3.R1.TP2": { "barcode": [ "TGTCGACA" , "TCGTAGCA" ], "output": [ "G11.T3.R1.TP2.R1.fastq.gz" , "G11.T3.R1.TP2.R2.fastq.gz" ] },
            "G5.T4.R4.TP1": { "barcode": [ "CAGTGAGA" , "TCGTAGCA" ], "output": [ "G5.T4.R4.TP1.R1.fastq.gz" , "G5.T4.R4.TP1.R2.fastq.gz" ] },
            "G9.T1.R5.TP2": { "barcode": [ "GCATGGAA" , "TCGTAGCA" ], "output": [ "G9.T1.R5.TP2.R1.fastq.gz" , "G9.T1.R5.TP2.R2.fastq.gz" ] },
            "G11.T2.R1.TP2": { "barcode": [ "GTACTGGT" , "GTAGCTTG" ], "output": [ "G11.T2.R1.TP2.R1.fastq.gz" , "G11.T2.R1.TP2.R2.fastq.gz" ] },
            "G1.T5.R4.TP2": { "barcode": [ "TGTCGACA" , "GTAGCTTG" ], "output": [ "G1.T5.R4.TP2.R1.fastq.gz" , "G1.T5.R4.TP2.R2.fastq.gz" ] },
            "G9.T4.R2.TP2": { "barcode": [ "CAGTGAGA" , "GTAGCTTG" ], "output": [ "G9.T4.R2.TP2.R1.fastq.gz" , "G9.T4.R2.TP2.R2.fastq.gz" ] },
            "G5.T2.R1.TP2": { "barcode": [ "GCATGGAA" , "GTAGCTTG" ], "output": [ "G5.T2.R1.TP2.R1.fastq.gz" , "G5.T2.R1.TP2.R2.fastq.gz" ] },
            "G10.T1.R3.TP2": { "barcode": [ "GCAACGTT" , "TCGTAGCA" ], "output": [ "G10.T1.R3.TP2.R1.fastq.gz" , "G10.T1.R3.TP2.R2.fastq.gz" ] },
            "G5.T5.R3.TP2": { "barcode": [ "GACAGAGT" , "TCGTAGCA" ], "output": [ "G5.T5.R3.TP2.R1.fastq.gz" , "G5.T5.R3.TP2.R2.fastq.gz" ] },
            "G10.T5.R3.TP2": { "barcode": [ "CTCTCACA" , "TCGTAGCA" ], "output": [ "G10.T5.R3.TP2.R1.fastq.gz" , "G10.T5.R3.TP2.R2.fastq.gz" ] },
            "G8.T6.R5.TP2": { "barcode": [ "GTTGGTAC" , "TCGTAGCA" ], "output": [ "G8.T6.R5.TP2.R1.fastq.gz" , "G8.T6.R5.TP2.R2.fastq.gz" ] },
            "G6.T3.R4.TP2": { "barcode": [ "GCAACGTT" , "GTAGCTTG" ], "output": [ "G6.T3.R4.TP2.R1.fastq.gz" , "G6.T3.R4.TP2.R2.fastq.gz" ] },
            "G11.T5.R2.TP2": { "barcode": [ "GACAGAGT" , "GTAGCTTG" ], "output": [ "G11.T5.R2.TP2.R1.fastq.gz" , "G11.T5.R2.TP2.R2.fastq.gz" ] },
            "G1.T1.R5.TP2": { "barcode": [ "CTCTCACA" , "GTAGCTTG" ], "output": [ "G1.T1.R5.TP2.R1.fastq.gz" , "G1.T1.R5.TP2.R2.fastq.gz" ] },
            "G11.T1.R2.TP2": { "barcode": [ "GTTGGTAC" , "GTAGCTTG" ], "output": [ "G11.T1.R2.TP2.R1.fastq.gz" , "G11.T1.R2.TP2.R2.fastq.gz" ] },
            "G4.T4.R3.TP2": { "barcode": [ "ATAAGCGG" , "TCGTAGCA" ], "output": [ "G4.T4.R3.TP2.R1.fastq.gz" , "G4.T4.R3.TP2.R2.fastq.gz" ] },
            "G8.T1.R5.TP1": { "barcode": [ "GTGTCTCT" , "TCGTAGCA" ], "output": [ "G8.T1.R5.TP1.R1.fastq.gz" , "G8.T1.R5.TP1.R2.fastq.gz" ] },
            "G9.T1.R1.TP2": { "barcode": [ "CTGTACTC" , "TCGTAGCA" ], "output": [ "G9.T1.R1.TP2.R1.fastq.gz" , "G9.T1.R1.TP2.R2.fastq.gz" ] },
            "G3.T4.R3.TP1": { "barcode": [ "TGCACATG" , "TCGTAGCA" ], "output": [ "G3.T4.R3.TP1.R1.fastq.gz" , "G3.T4.R3.TP1.R2.fastq.gz" ] },
            "G11.T3.R3.TP1": { "barcode": [ "ATAAGCGG" , "GTAGCTTG" ], "output": [ "G11.T3.R3.TP1.R1.fastq.gz" , "G11.T3.R3.TP1.R2.fastq.gz" ] },
            "G5.T1.R1.TP2": { "barcode": [ "GTGTCTCT" , "GTAGCTTG" ], "output": [ "G5.T1.R1.TP2.R1.fastq.gz" , "G5.T1.R1.TP2.R2.fastq.gz" ] },
            "G10.T2.R1.TP2": { "barcode": [ "CTGTACTC" , "GTAGCTTG" ], "output": [ "G10.T2.R1.TP2.R1.fastq.gz" , "G10.T2.R1.TP2.R2.fastq.gz" ] },
            "G8.T6.R2.TP2": { "barcode": [ "TGCACATG" , "GTAGCTTG" ], "output": [ "G8.T6.R2.TP2.R1.fastq.gz" , "G8.T6.R2.TP2.R2.fastq.gz" ] },
            "NEG.EXT.PL7A7": { "barcode": [ "TAGGAACG" , "TCGTAGCA" ], "output": [ "NEG.EXT.PL7A7.R1.fastq.gz" , "NEG.EXT.PL7A7.R2.fastq.gz" ] },
            "G2.T2.R4.TP2": { "barcode": [ "TGGTTCCT" , "TCGTAGCA" ], "output": [ "G2.T2.R4.TP2.R1.fastq.gz" , "G2.T2.R4.TP2.R2.fastq.gz" ] },
            "G4.T4.R4.TP2": { "barcode": [ "ATCCTAGG" , "TCGTAGCA" ], "output": [ "G4.T4.R4.TP2.R1.fastq.gz" , "G4.T4.R4.TP2.R2.fastq.gz" ] },
            "G12.T2.R1.TP1": { "barcode": [ "CGTTCGTT" , "TCGTAGCA" ], "output": [ "G12.T2.R1.TP1.R1.fastq.gz" , "G12.T2.R1.TP1.R2.fastq.gz" ] },
            "G3.T1.R4.TP2": { "barcode": [ "TAGGAACG" , "GTAGCTTG" ], "output": [ "G3.T1.R4.TP2.R1.fastq.gz" , "G3.T1.R4.TP2.R2.fastq.gz" ] },
            "NEG.PCR.PL7F7": { "barcode": [ "TGGTTCCT" , "GTAGCTTG" ], "output": [ "NEG.PCR.PL7F7.R1.fastq.gz" , "NEG.PCR.PL7F7.R2.fastq.gz" ] },
            "Mock.1": { "barcode": [ "AGAGACAC" , "TATAGCGC" ], "output": [ "Mock.1.R1.fastq.gz" , "Mock.1.R2.fastq.gz" ] },
            "Mock.2": { "barcode": [ "AGCAAGGT" , "TATAGCGC" ], "output": [ "Mock.2.R1.fastq.gz" , "Mock.2.R2.fastq.gz" ] },
            "Mock.3": { "barcode": [ "CTTGCTTG" , "TATAGCGC" ], "output": [ "Mock.3.R1.fastq.gz" , "Mock.3.R2.fastq.gz" ] },
            "Mock.4": { "barcode": [ "GGTAGCAA" , "TATAGCGC" ], "output": [ "Mock.4.R1.fastq.gz" , "Mock.4.R2.fastq.gz" ] },
            "Mock.5": { "barcode": [ "AGAGACAC" , "ATCGGCAT" ], "output": [ "Mock.5.R1.fastq.gz" , "Mock.5.R2.fastq.gz" ] },
            "Mock.6": { "barcode": [ "AGCAAGGT" , "ATCGGCAT" ], "output": [ "Mock.6.R1.fastq.gz" , "Mock.6.R2.fastq.gz" ] },
            "Mock.7": { "barcode": [ "CTTGCTTG" , "ATCGGCAT" ], "output": [ "Mock.7.R1.fastq.gz" , "Mock.7.R2.fastq.gz" ] },
            "Mock.8": { "barcode": [ "GGTAGCAA" , "ATCGGCAT" ], "output": [ "Mock.8.R1.fastq.gz" , "Mock.8.R2.fastq.gz" ] },
            "Mock.9": { "barcode": [ "TCTCTCTC" , "TATAGCGC" ], "output": [ "Mock.9.R1.fastq.gz" , "Mock.9.R2.fastq.gz" ] },
            "Mock.10": { "barcode": [ "CGAACGAA" , "TATAGCGC" ], "output": [ "Mock.10.R1.fastq.gz" , "Mock.10.R2.fastq.gz" ] },
            "F1.Trichoderma": { "barcode": [ "CACAGTCA" , "TATAGCGC" ], "output": [ "F1.Trichoderma.R1.fastq.gz" , "F1.Trichoderma.R2.fastq.gz" ] },
            "F2.Fusarium": { "barcode": [ "AGGTCTAC" , "TATAGCGC" ], "output": [ "F2.Fusarium.R1.fastq.gz" , "F2.Fusarium.R2.fastq.gz" ] },
            "F3.Rust": { "barcode": [ "TCTCTCTC" , "ATCGGCAT" ], "output": [ "F3.Rust.R1.fastq.gz" , "F3.Rust.R2.fastq.gz" ] },
            "F4.Aureobasidium": { "barcode": [ "CGAACGAA" , "ATCGGCAT" ], "output": [ "F4.Aureobasidium.R1.fastq.gz" , "F4.Aureobasidium.R2.fastq.gz" ] },
            "F5.Epicoccum": { "barcode": [ "CACAGTCA" , "ATCGGCAT" ], "output": [ "F5.Epicoccum.R1.fastq.gz" , "F5.Epicoccum.R2.fastq.gz" ] },
            "F6.Dioszegia": { "barcode": [ "AGGTCTAC" , "ATCGGCAT" ], "output": [ "F6.Dioszegia.R1.fastq.gz" , "F6.Dioszegia.R2.fastq.gz" ] },
            "F7.Penicilum": { "barcode": [ "GTACTGGT" , "TATAGCGC" ], "output": [ "F7.Penicilum.R1.fastq.gz" , "F7.Penicilum.R2.fastq.gz" ] },
            "F8.Alternaria": { "barcode": [ "TGTCGACA" , "TATAGCGC" ], "output": [ "F8.Alternaria.R1.fastq.gz" , "F8.Alternaria.R2.fastq.gz" ] },
            "F9.Cladosporium": { "barcode": [ "CAGTGAGA" , "TATAGCGC" ], "output": [ "F9.Cladosporium.R1.fastq.gz" , "F9.Cladosporium.R2.fastq.gz" ] },
            "G9.T3.R1.TP1": { "barcode": [ "GCAACGTT" , "TATAGCGC" ], "output": [ "G9.T3.R1.TP1.R1.fastq.gz" , "G9.T3.R1.TP1.R2.fastq.gz" ] },
            "G1.T5.R4.TP1": { "barcode": [ "GACAGAGT" , "TATAGCGC" ], "output": [ "G1.T5.R4.TP1.R1.fastq.gz" , "G1.T5.R4.TP1.R2.fastq.gz" ] },
            "G5.T5.R4.TP1": { "barcode": [ "CTCTCACA" , "TATAGCGC" ], "output": [ "G5.T5.R4.TP1.R1.fastq.gz" , "G5.T5.R4.TP1.R2.fastq.gz" ] },
            "G2.T1.R5.TP1": { "barcode": [ "GTTGGTAC" , "TATAGCGC" ], "output": [ "G2.T1.R5.TP1.R1.fastq.gz" , "G2.T1.R5.TP1.R2.fastq.gz" ] },
            "G8.T5.R4.TP1": { "barcode": [ "GCAACGTT" , "ATCGGCAT" ], "output": [ "G8.T5.R4.TP1.R1.fastq.gz" , "G8.T5.R4.TP1.R2.fastq.gz" ] },
            "G4.T3.R1.TP1": { "barcode": [ "GACAGAGT" , "ATCGGCAT" ], "output": [ "G4.T3.R1.TP1.R1.fastq.gz" , "G4.T3.R1.TP1.R2.fastq.gz" ] },
            "G3.T4.R4.TP1": { "barcode": [ "CTCTCACA" , "ATCGGCAT" ], "output": [ "G3.T4.R4.TP1.R1.fastq.gz" , "G3.T4.R4.TP1.R2.fastq.gz" ] },
            "G3.T3.R2.TP1": { "barcode": [ "GTTGGTAC" , "ATCGGCAT" ], "output": [ "G3.T3.R2.TP1.R1.fastq.gz" , "G3.T3.R2.TP1.R2.fastq.gz" ] },
            "G5.T1.R4.TP2": { "barcode": [ "ATAAGCGG" , "TATAGCGC" ], "output": [ "G5.T1.R4.TP2.R1.fastq.gz" , "G5.T1.R4.TP2.R2.fastq.gz" ] },
            "G1.T2.R5.TP2": { "barcode": [ "GTGTCTCT" , "TATAGCGC" ], "output": [ "G1.T2.R5.TP2.R1.fastq.gz" , "G1.T2.R5.TP2.R2.fastq.gz" ] },
            "G12.T3.R4.TP2": { "barcode": [ "CTGTACTC" , "TATAGCGC" ], "output": [ "G12.T3.R4.TP2.R1.fastq.gz" , "G12.T3.R4.TP2.R2.fastq.gz" ] },
            "G3.T5.R5.TP2": { "barcode": [ "TGCACATG" , "TATAGCGC" ], "output": [ "G3.T5.R5.TP2.R1.fastq.gz" , "G3.T5.R5.TP2.R2.fastq.gz" ] },
            "G2.T1.R4.TP2": { "barcode": [ "ATAAGCGG" , "ATCGGCAT" ], "output": [ "G2.T1.R4.TP2.R1.fastq.gz" , "G2.T1.R4.TP2.R2.fastq.gz" ] },
            "G4.T3.R5.TP2": { "barcode": [ "GTGTCTCT" , "ATCGGCAT" ], "output": [ "G4.T3.R5.TP2.R1.fastq.gz" , "G4.T3.R5.TP2.R2.fastq.gz" ] },
            "G7.T2.R2.TP2": { "barcode": [ "CTGTACTC" , "ATCGGCAT" ], "output": [ "G7.T2.R2.TP2.R1.fastq.gz" , "G7.T2.R2.TP2.R2.fastq.gz" ] },
            "G8.T3.R4.TP2": { "barcode": [ "TGCACATG" , "ATCGGCAT" ], "output": [ "G8.T3.R4.TP2.R1.fastq.gz" , "G8.T3.R4.TP2.R2.fastq.gz" ] }
        },
        "algorithm": "pamld",
        "noise": 0.1,
        "confidence threshold": 0.995,
        "undetermined": { "output": [ "undetermined.R1.fastq.gz", "undetermined.R2.fastq.gz" ] }
    }
}
